{
    "<page title>": "Tyco 1715l Lcd Touchscreen Monitor 17\"   5 Wire Resistive   1280 X (e603162) | UK | Ebay Items | Best Deal Items | Auctions | Free Shipping | Goods | Services | Wholesales | Retail | Trade",
    "aspect ratio": "5:4",
    "brand name": "Elo",
    "brightness": "280 Nit",
    "color": "Dark Gray",
    "color supported": "16.2 Million Colors",
    "condition": "Item type:",
    "contrast ratio": "800:1",
    "country": "Category",
    "depth": "8\"",
    "height": "14.4\"",
    "horizontal viewing angle": "160\u00b0",
    "item sort": "Sort order:",
    "manufacturer": "Elo Touch Solutions, Inc",
    "manufacturer part number": "E603162",
    "marketing information": "<p>The 1715L touchmonitor is designed, developed and built to provide the most cost effective touch solutions for system integrators and VARs. It packs Elo quality and reliability into an integrated, affordable touchmonitor.</p>",
    "maximum resolution": "1280 x 1024",
    "minimum bid count": "Maximum bid count:",
    "minimum price": "Maximum price:",
    "operating power consumption": "50 W",
    "payment method": "Show Items:",
    "product model": "1715L",
    "product name": "1715L Touchscreen LCD Monitor",
    "product title": "Elo 1715l Touchscreen Lcd Monitor - 17\" - 5-wire Resistive - 1280 X 1024 - 5:4 - Dark Gray (E603162)",
    "product type": "LCD Touchscreen Monitor",
    "response time": "25 ms",
    "screen mode": "SXGA",
    "screen size": "17\"",
    "standard refresh rate": "60 Hz",
    "touchscreen": "Yes",
    "touchscreen type": "5-wire Resistive",
    "usb": "Yes",
    "vertical viewing angle": "160\u00b0",
    "vesa mount compatible": "Yes",
    "vga": "Yes",
    "weight approximate": "15.20 lb",
    "width": "15.4\""
}