{
    "<page title>": "3m Microtouch ( Black) M1700ss Touchscreen Lcd Monitor   17\"   (1191378227) | UK | Ebay Items | Best Deal Items | Auctions | Free Shipping | Goods | Services | Wholesales | Retail | Trade",
    "brand name": "3M",
    "brightness": "300 Nit",
    "color": "Black",
    "color supported": "16.2 Million Colors",
    "condition": "Item type:",
    "contrast ratio": "800:1",
    "country": "Category",
    "depth": "9.7\"",
    "dvi": "Yes",
    "height": "16.3\"",
    "horizontal viewing angle": "160\u00b0",
    "input voltage": "12 V DC",
    "item sort": "Sort order:",
    "limited warranty": "3 Year",
    "manufacturer": "3M",
    "manufacturer part number": "11-91378-227",
    "marketing information": "<p>The 3M MicroTouch monitor M1700SS, a purpose-built, surface capacitive touch monitor. The monitor offers a stable base, highly durable touch screen, brilliant optics and a hidden cable management system, all in an elegant and simple-to-use design.</p>",
    "maximum resolution": "1280 x 1024",
    "minimum bid count": "Maximum bid count:",
    "minimum price": "Maximum price:",
    "mount type": "Wall Mountable",
    "payment method": "Show Items:",
    "product line": "MicroTouch",
    "product model": "M1700SS",
    "product name": "MicroTouch M1700SS Touchscreen LCD Monitor",
    "product title": "3m Microtouch M1700ss Touchscreen Lcd Monitor - 17\" - Capacitive - 1280 X 1024 - 0.264mm - Black (1191378227)",
    "product type": "LCD Touchscreen Monitor",
    "response time": "9 ms",
    "screen mode": "SXGA",
    "screen size": "17\"",
    "touchscreen": "Yes",
    "touchscreen type": "Capacitive",
    "vertical viewing angle": "160\u00b0",
    "vga": "Yes",
    "weight approximate": "18.96 lb",
    "width": "15.9\""
}