{
    "<page title>": "Dell E173FPf 17\" LCD Display Computer Monitor With Power Cable Please Read | UK | Ebay Items | Best Deal Items | Auctions | Free Shipping | Goods | Services | Wholesales | Retail | Trade",
    "aspect ratio": "5:4",
    "condition": "Item type:",
    "contrast ratio": "800:1",
    "country": "Category",
    "display technology": "LCD, TFT",
    "item sort": "Sort order:",
    "maximum resolution": "1280 x 1024",
    "minimum bid count": "Maximum bid count:",
    "minimum price": "Maximum price:",
    "payment method": "Show Items:",
    "product line": "Dell E",
    "response time": "5 ms",
    "screen size": "17\""
}