{
    "<page title>": "60003582 NEC Displays MultiSync E171M 17\" TN Monitor 1000:1 250cd/m2 1280x1024 | UK | Ebay Items | Best Deal Items | Auctions | Free Shipping | Goods | Services | Wholesales | Retail | Trade",
    "brightness": "250cd/m2",
    "case colour": "Black",
    "condition": "Item type:",
    "contrast ratio": "1,000:1 (Static)",
    "country": "Category",
    "item sort": "Sort order:",
    "minimum bid count": "Maximum bid count:",
    "minimum price": "Maximum price:",
    "model name": "E171M",
    "payment method": "Show Items:",
    "power consumption": "12W (Max) / 0.4W (Standby)",
    "product family": "MultiSync",
    "product type": "Monitor",
    "resolution native": "1280 x 1024 Pixels",
    "screen dimensions": "17in (Diagonal)",
    "speakers": "2 x 1.0W",
    "warranty": "3 Years Including Backlight"
}