{
    "<page title>": "Benq Benq EW2440L 9H.LAGLB.QBE Planet Computer.it",
    "angolo di visualizzazione orizzontale": "178\u00b0",
    "angolo di visualizzazione verticale": "178\u00b0",
    "colori del display": "16,77M",
    "dimensioni schermo": "60,96 cm (24\")",
    "dot pitch": "0,276 x 0,276 mm",
    "formato": "16:9",
    "hdcp": "Si",
    "luminosit\u00e0 schermo": "250 cd/m\u00b2",
    "mobile highdefinition link mhl": "Si",
    "rapporto di contrasto": "3000:1",
    "rapporto di contrasto dinamico": "20000000:1",
    "risoluzione": "1920 x 1080 Pixels",
    "risoluzioni grafiche supportate": "1920 x 1080 (HD 1080)",
    "tempo di risposta": "12 ms",
    "tipologia display": "LED",
    "tipologia hd": "Full HD"
}