{
    "<page title>": "Philips Philips 241B4LPYCB Display Full HD B-line 61 cm  24   Monitor LCD",
    "ac power in": "Si",
    "altezza": "352 mm",
    "altezza con supporto": "403 mm",
    "altezza imballo": "405 mm",
    "altoparlante  cuffia  spinotto di uscita": "1",
    "altoparlanti incorporati": "Si",
    "angolo di rotazione": "-65 - 65 \u00b0",
    "angolo di visualizzazione orizzontale": "170 \u00b0",
    "angolo di visualizzazione verticale": "160 \u00b0",
    "blocco cavo": "Kensington",
    "certificazione": "BSMI, CE Mark, FCC B, GOST, SASO, SEMKO, TCO 5.2, TUV Ergo, TUV/GS, UL/cUL, WEEE",
    "certificazione energy star": "Si",
    "colore del prodotto": "Nero",
    "colori del display": "16.77 M",
    "compatibile con montaggio vesa": "100 x 100 mm",
    "compatibilit\u00e0 3d": "N",
    "compatibilit\u00e0 sistema operativo mac": "Si",
    "conformit\u00e0 epeat": "Oro",
    "connessione cuffia": "3.5 mm",
    "consumi": "21.44 W",
    "consumi modalit\u00e0 risparmio energetico": "12 W",
    "consumi modalit\u00e0 standby": "0.1 W",
    "design colore del prodotto nero": "Condizioni ambientali\nIntervallo temperatura di funzionamento 0 - 40 \u00b0C\nIntervallo di temperatura -20 - 60 \u00b0C\nRange di umidit\u00e0 di funzionamento 20 - 80 %",
    "dimensione visibile orizzontale": "531.4 mm",
    "dimensione visibile verticale": "298.9 mm",
    "dimensioni schermo": "61 cm",
    "dot pitch": "0.276 x 0.276 mm",
    "formato": "16:9",
    "fotocamera integrata": "N",
    "frequenza di ingresso": "50/60 Hz",
    "frequenza scansione orizzontale": "30 - 83 kHz",
    "frequenza scansione verticale": "56 - 75 Hz",
    "funzione risparmio": "Si",
    "hdcp": "Si",
    "inclinazione": "-5 - 20 \u00b0",
    "indicatore led alimentazione": "Si",
    "ingresso audio per pc": "Si",
    "interruttore integrato": "Si",
    "intervallo di temperatura": "-20 - 60 \u00b0C",
    "intervallo temperatura di funzionamento": "0 - 40 \u00b0C",
    "larghezza": "565 mm",
    "larghezza con supporto": "565 mm",
    "larghezza imballo": "624 mm",
    "led standby": "Si",
    "lingue osd": "CHI (SIMPL), DEU, ENG, ESP, FRE, ITA, POR, RUS",
    "luminosit\u00e0 schermo": "250 cd/m\u00b2",
    "miglioramento dellimmagine": "SmartImage",
    "montabile a parete": "Si",
    "numero di altoparlanti": "2",
    "numero di lingue osd": "8",
    "numero di prodotti inclusi": "1 pezzi",
    "on screen display osd": "Si",
    "peso": "4.3 kg",
    "peso incluso imballo": "8.3 kg",
    "peso prodotto con supporto": "6.3 kg",
    "pivot angle": "0 - 90 \u00b0",
    "plug  play": "Si",
    "posizionamento supportato": "Orizzontale/Verticale",
    "potenza in uscita rms": "3 W",
    "profondit\u00e0": "55 mm",
    "profondit\u00e0 con supporto": "227 mm",
    "profondit\u00e0 imballo": "172 mm",
    "quantit\u00e0 displayports": "1",
    "quantit\u00e0 porte dvid": "1",
    "quantit\u00e0 porte usb 20": "2",
    "quantit\u00e0 porte vga dsub": "1",
    "range di umidit\u00e0 di funzionamento": "20 - 80 %",
    "rapporto di contrasto": "1000:1",
    "rapporto di contrasto dinamico": "20000000:1",
    "regolazione altezza": [
        "100 mm",
        "Si"
    ],
    "risoluzione": "1920 x 1080 Pixels",
    "risoluzione massima": "1920 x 1080 Pixels",
    "risoluzioni grafiche supportate": "1920 x 1080 (HD 1080)",
    "rotazione": "Si",
    "schermo srgb": "Si",
    "sicurezza": "TCO edge, RoHS, PVC / BFR free, Mercury free, Lead free",
    "sintonizzatore tv integrato": "N",
    "sistema operativo windows supportato": "Si",
    "source datasheet": ".",
    "sync hv separato": "Si",
    "syncongreen sog": "Si",
    "tempo di risposta": "5 ms",
    "thin client installato": "N",
    "tipologia di retroilluminazione": "W-LED",
    "tipologia display": "LED",
    "tipologia hd": "Full HD",
    "voltaggio di ingresso": "100 - 240 V"
}