{
    "<page title>": "Samsung Samsung S22C200B LS22C20KBS EN Planet Computer.it",
    "ac power in": "Si",
    "altezza": "30,19 cm",
    "altezza con supporto": "38,535 cm",
    "altezza imballo": "14 cm",
    "altoparlanti incorporati": "No",
    "angolo di visualizzazione orizzontale": "170\u00b0",
    "angolo di visualizzazione verticale": "160\u00b0",
    "area di visualizzazione effettiva": "476,64 x 268,11 mm",
    "blocco cavo": "No",
    "bluetooth": "No",
    "cavi inclusi": "AC, VGA",
    "certificazione": "FCC, CE, VCCI, KCC, C-Tick, CCC",
    "certificazione energy star": "Si",
    "collegamento ethernet lan": "No",
    "colore del prodotto": "Nero",
    "colori del display": "16,77M",
    "compatibile con montaggio vesa": "100 x 100 mm",
    "compatibilit\u00e0 3d": "No",
    "compatibilit\u00e0 elettromagnetica": "UL, CSA, TUV, NEMKO, KC, CCC, PSB, GOST, SIQ, PCBC, NOM, IRAM, SASO",
    "compatibilit\u00e0 sistema operativo mac": "Si",
    "conformit\u00e0 epeat": "Oro",
    "connessione wlan": "No",
    "consumi": "24W",
    "consumi modalit\u00e0 standby": "0,1W",
    "design colore del prodotto nero": "Connettivit\u00e0\nIngresso audio No\nUscita audio No\nPorta DVI Si\nQuantit\u00e0 porte VGA (D-Sub) 1\nQuantit\u00e0 porte DVI-D 1\nAC (power) in Si",
    "dimensione visibile orizzontale": "47,664 cm",
    "dimensione visibile verticale": "26,811 cm",
    "dimensioni imballo lxpxa": "593 x 371 x 140 mm",
    "dimensioni lxpxa": "504,3 x 77,6 x 301,9 mm",
    "dimensioni lxpxa con base": "504,3 x 185 x 385,35 mm",
    "dimensioni schermo": "54,61 cm",
    "dot pitch": "0,24825 x 0,24825 mm",
    "formato": "16:9",
    "fotocamera integrata": "No",
    "frequenza di ingresso": "50/60 Hz",
    "funzione risparmio": "Si",
    "girevole": "No",
    "guida rapida": "Si",
    "inclinazione": "-1 - 20\u00b0",
    "inclinazione regolabile": "Si",
    "indicatore led alimentazione": "Si",
    "indicatori led": "Si",
    "ingresso audio": "No",
    "interruttore integrato": "Si",
    "intervallo temperatura di funzionamento": "10 - 40 \u00b0C",
    "larghezza": "50,43 cm",
    "larghezza con supporto": "50,43 cm",
    "larghezza imballo": "59,3 cm",
    "led standby": "Si",
    "luminosit\u00e0 schermo": "250 cd/m\u00b2",
    "lunghezza cavo": "1,5m",
    "manuale dellutente": "Si",
    "montabile a parete": "Si",
    "numero di prodotti inclusi": "1 pezzi",
    "peso": "3,05 kg",
    "peso incluso imballo": "4,65 kg",
    "peso prodotto con supporto": "3,4 kg",
    "pictureinpicture": "No",
    "plug  play": "Si",
    "porta dvi": "Si",
    "posizionamento supportato": "Orizzontale",
    "profondit\u00e0": "7,76 cm",
    "profondit\u00e0 con supporto": "18,5 cm",
    "profondit\u00e0 imballo": "37,1 cm",
    "quantit\u00e0 porte dvid": "1",
    "quantit\u00e0 porte vga dsub": "1",
    "rapporto di contrasto": "1000:1",
    "rapporto di contrasto dinamico": "Contrasto Mega",
    "regolazione altezza": "No",
    "risoluzione": "1920 x 1080 Pixels",
    "risoluzioni grafiche supportate": "1920 x 1080 (HD 1080)",
    "rotazione": "No",
    "sintonizzatore tv integrato": "No",
    "sistema operativo linux supportato": "Si",
    "sistema operativo windows supportato": "Si",
    "tecnologia display": "TN+Film",
    "tempo di risposta": "5 ms",
    "thin client installato": "No",
    "thin client thin client installato no": "Performance\nSistema operativo Windows supportato Si\nCompatibilit\u00e0 sistema operativo Mac Si\nSistema operativo Linux supportato Si",
    "tipologia display": "LED",
    "tipologia hd": "Full HD",
    "umidit\u00e0 relativa": "10 - 80%",
    "uscita audio": "No",
    "voltaggio di ingresso": "100 - 240V"
}