{
    "<page title>": "Philips Philips 298P4QJEB 298P4QJEB 00 Planet Computer.it",
    "altezza": "330 mm",
    "altezza con supporto": "538 mm",
    "altezza imballo": "506 mm",
    "altitudine di funzionamento": "0 - 3658 m",
    "altitudine di nonfunzionamento": "0 - 12192 m",
    "altoparlante  cuffia  spinotto di uscita": "1",
    "altoparlanti incorporati": "Si",
    "altre caratteristiche source datasheet": "Dimensioni e peso\nProfondit\u00e0 (con supporto) 273 mm\nAltezza (con supporto) 538 mm\nLarghezza (con supporto) 700 mm\nLarghezza imballo 782 mm\nAltezza imballo 506 mm\nProfondit\u00e0 imballo 186 mm\nPeso prodotto con supporto 8.46 kg\nProfondit\u00e0 59 mm\nLarghezza 700 mm\nAltezza 330 mm\nPeso incluso imballo 11.68 kg\nPeso 5.67 kg",
    "angolo di rotazione": "-65 - 65 \u00b0",
    "angolo di visualizzazione orizzontale": "178 \u00b0",
    "angolo di visualizzazione verticale": "178 \u00b0",
    "blocco cavo": "Kensington",
    "bluetooth": "N",
    "cavi inclusi": "AC",
    "certificazione": "TCO, RoHS, BSMI, CE, FCC, GOST, SASO, SEMKO, TUV, TUV/GS, UL/cUL, WEEE",
    "certificazione energy star": "Si",
    "classe efficienza energetica": "Non specificato",
    "collegamento ethernet lan": "N",
    "colore del prodotto": "Nero",
    "colori del display": "16.77 M",
    "compatibile con montaggio vesa": "100 x 100 mm",
    "compatibilit\u00e0 3d": "N",
    "compatibilit\u00e0 sistema operativo mac": "Si",
    "conformit\u00e0 epeat": "Oro",
    "connessione wlan": "N",
    "consumi": "38.5 W",
    "consumi modalit\u00e0 risparmio energetico": "25.1 W",
    "consumi modalit\u00e0 standby": "0.3 W",
    "dimensione visibile orizzontale": "672.76 mm",
    "dimensione visibile verticale": "283.82 mm",
    "dimensioni schermo": "73 cm",
    "dot pitch": "0.2628 x 0.2628 mm",
    "formato": "21:9",
    "fotocamera integrata": "N",
    "frequenza di ingresso": "50/60 Hz",
    "girevole": "Si",
    "hdcp": "Si",
    "inclinazione": "-5 - 20 \u00b0",
    "inclinazione regolabile": "Si",
    "indicatore led alimentazione": "Si",
    "indicatori led": "Si",
    "ingresso audio per pc": "Si",
    "interruttore integrato": "Si",
    "intervallo di scansione verticale": "56 - 75 Hz",
    "intervallo di temperatura": "-20 - 60 \u00b0C",
    "intervallo temperatura di funzionamento": "0 - 40 \u00b0C",
    "larghezza": "700 mm",
    "larghezza con supporto": "700 mm",
    "larghezza imballo": "782 mm",
    "led standby": "Si",
    "lettore di schede integrato": "N",
    "lingue osd": "CHI (SIMPL), DEU, ENG, ESP, FRE, ITA, POR, RUS",
    "luminosit\u00e0 schermo": "300 cd/m\u00b2",
    "materiale riciclabile": "65 %",
    "montabile a parete": "Si",
    "numero di altoparlanti": "2",
    "numero di lingue osd": "8",
    "on screen display osd": "Si",
    "peso": "5.67 kg",
    "peso incluso imballo": "11.68 kg",
    "peso prodotto con supporto": "8.46 kg",
    "pivot angle": "0 - 90 \u00b0",
    "plug  play": "Si",
    "porta dvi": "Si",
    "potenza in uscita rms": "4 W",
    "profondit\u00e0": "59 mm",
    "profondit\u00e0 con supporto": "273 mm",
    "profondit\u00e0 imballo": "186 mm",
    "quantit\u00e0 displayports": "1",
    "quantit\u00e0 porte dvid": "1",
    "quantit\u00e0 porte hdmi": "2",
    "quantit\u00e0 porte usb 30": "4",
    "range di scansione orizzontale": "30 - 90 kHz",
    "range di umidit\u00e0 di funzionamento": "20 - 80 %",
    "rapporto di contrasto": "1000:1",
    "rapporto di contrasto dinamico": "20000000:1",
    "regolazione altezza": [
        "Si",
        "150 mm"
    ],
    "risoluzione": "2560 x 1080 Pixels",
    "risoluzioni grafiche supportate": "2560 x 1080",
    "rotazione": "Si",
    "schermo srgb": "Si",
    "sintonizzatore tv integrato": "N",
    "sistema operativo windows supportato": "Windows 7 Home Basic, Windows 7 Home Premium, Windows 7 Professional, Windows 7 Starter, Windows 7 Ultimate, Windows 8, Windows 8 Enterprise, Windows 8 Pro, Windows XP Home, Windows XP Professional",
    "source datasheet": ".",
    "sync hv separato": "Si",
    "syncongreen sog": "Si",
    "tecnologia display": "IPS",
    "tempo di risposta": "5 ms",
    "thin client installato": "N",
    "thin client thin client installato n": "Connettivit\u00e0\nQuantit\u00e0 porte USB 3.0 4\nQuantit\u00e0 DisplayPorts 1\nQuantit\u00e0 porte HDMI 2\nIngresso audio per PC Si\nQuantit\u00e0 porte DVI-D 1\nPorta DVI Si\nAltoparlante / Cuffia / spinotto di uscita 1",
    "tipologia di retroilluminazione": "W-LED",
    "tipologia display": "LED",
    "tipologia hd": "Full HD",
    "voltaggio di ingresso": "100 - 240 V"
}