{
    "<page title>": "Philips Philips Brilliance C240P4QPYEW C240P4QPYEW 00 Planet Computer.it",
    "altezza": "388 mm",
    "altezza con supporto": "550 mm",
    "altezza imballo": "457 mm",
    "altitudine di funzionamento": "0 - 3658 m",
    "altitudine di nonfunzionamento": "0 - 12192 m",
    "altoparlanti incorporati": "Si",
    "altre caratteristiche source datasheet": "Thin Client\nThin client installato N",
    "angolo di rotazione": "-65 - 65 \u00b0",
    "angolo di visualizzazione orizzontale": "178 \u00b0",
    "angolo di visualizzazione verticale": "178 \u00b0",
    "blocco cavo": "Kensington",
    "certificazione": "EC/EN60601-1-2, CE JIS Z2801, TUV/GS, TUV Ergo, TCO 6.0",
    "certificazione energy star": "Si",
    "classe efficienza energetica": "Non specificato",
    "collegamento ethernet lan": "N",
    "colore del prodotto": "Bianco",
    "colori del display": "16.77 M",
    "compatibile con montaggio vesa": "100 x 100 mm",
    "compatibilit\u00e0 3d": "N",
    "conformit\u00e0 epeat": "Oro",
    "connessione wlan": "N",
    "consumi": "17.4 W",
    "consumi modalit\u00e0 standby": "0.4 W",
    "dimensione visibile orizzontale": "518.4 mm",
    "dimensione visibile verticale": "324 mm",
    "dimensioni schermo": "61 cm",
    "dot pitch": "0.270 x 0.270 mm",
    "formato": "16:10",
    "fotocamera integrata": "N",
    "frequenza di ingresso": "50/60 Hz",
    "girevole": "Si",
    "guida rapida": "Si",
    "hdcp": "Si",
    "inclinazione": "-5 - 20 \u00b0",
    "inclinazione regolabile": "Si",
    "indicatore led alimentazione": "Si",
    "indicatori led": "Si",
    "interruttore integrato": "Si",
    "intervallo di scansione verticale": "48 - 85 Hz",
    "intervallo di temperatura": "-20 - 60 \u00b0C",
    "intervallo temperatura di funzionamento": "0 - 40 \u00b0C",
    "larghezza": "555 mm",
    "larghezza con supporto": "555 mm",
    "larghezza imballo": "632 mm",
    "led standby": "Si",
    "luminosit\u00e0 schermo": "300 cd/m\u00b2",
    "manuale dellutente": "Si",
    "montabile a parete": "Si",
    "mtbf": "30000 h",
    "numero di altoparlanti": "2",
    "on screen display osd": "Si",
    "peso": "4.64 kg",
    "peso incluso imballo": "9.8 kg",
    "peso prodotto con supporto": "6.97 kg",
    "pivot angle": "0 - 90 \u00b0",
    "plug  play": "Si",
    "porta dvi": "Si",
    "potenza in uscita rms": "4 W",
    "profondit\u00e0": "65 mm",
    "profondit\u00e0 con supporto": "244 mm",
    "profondit\u00e0 imballo": "286 mm",
    "quantit\u00e0 displayports": "1",
    "quantit\u00e0 porte dvid": "1",
    "quantit\u00e0 porte usb 20": "4",
    "quantit\u00e0 porte vga dsub": "1",
    "range di scansione orizzontale": "24 - 94 kHz",
    "range di umidit\u00e0 di funzionamento": "20 - 80 %",
    "rapporto di contrasto": "1000:1",
    "regolazione altezza": [
        "130 mm",
        "Si"
    ],
    "risoluzione": "1920 x 1200 Pixels",
    "risoluzioni grafiche supportate": "1920 x 1200 (WUXGA)",
    "rotazione": "Si",
    "schermo srgb": "Si",
    "sicurezza": "RoHS, WEEE, EC/EN60601-1, CE, GOST",
    "sintonizzatore tv integrato": "N",
    "sistema operativo windows supportato": "Si",
    "source datasheet": ".",
    "sync hv separato": "Si",
    "syncongreen sog": "Si",
    "tecnologia display": "IPS",
    "tempo di risposta": "14 ms",
    "thin client installato": "N",
    "tipologia di retroilluminazione": "W-LED",
    "tipologia display": "LED",
    "umidit\u00e0": "10 - 80 %",
    "voltaggio di ingresso": "100 - 240 V"
}