{
    "<page title>": "ASUS VE278H - Vology",
    "aspect ratio": [
        "Widescreen - 16:9",
        "Widescreen - 16:9"
    ],
    "audio": "Output Power / Channel 3 Watt\nType Speakers - stereo - integrated",
    "backlight technology": "LED backlight",
    "brightness": [
        "300 cd/m2",
        "300 cd/m2"
    ],
    "cables included": "1 x VGA cable \u00a6 1 x HDMI-DVI cable \u00a6 1 x audio cable",
    "color": [
        "Black",
        "Black"
    ],
    "color support": [
        "16.7 million colors",
        "16.7 million colors"
    ],
    "compliant standards": [
        "UL, VCCI, C-Tick, BSMI, cUL, WHQL, CB, CCC, PSB, EK, FCC, RoHS, WEEE, GOST-R, J-MOSS, ERP",
        "UL, VCCI, C-Tick, BSMI, cUL, WHQL, CB, CCC, PSB, EK, FCC, RoHS, WEEE, GOST-R, J-MOSS, ERP"
    ],
    "connectivity": "Interfaces VGA \u00a6 2 x HDMI \u00a6 Headphones \u00a6 Audio line-in",
    "contrast ratio": [
        "1200:1 / 50000000:1 (dynamic)",
        "1200:1 / 50000000:1 (dynamic)"
    ],
    "controls  adjustments": "Volume, brightness, contrast, input select, color temperature",
    "device type": "LED-backlit LCD monitor - 27\"",
    "diagonal size": "27\"",
    "dimensions  weight": "Dimensions & Weight Details Without stand - width: 25.3 in - depth: 2.3 in - height: 15.2 in",
    "dimensions  weight details": "Without stand - width: 25.3 in - depth: 2.3 in - height: 15.2 in",
    "dimensions wxdxh": [
        "25.3 in x 8.7 in x 17.5 in - with stand",
        "25.3 in x 8.7 in x 17.5 in - with stand"
    ],
    "display position adjustments": [
        "Tilt",
        "Tilt"
    ],
    "display type": "LED-backlit LCD monitor / TFT active matrix",
    "energy star qualified": "Yes",
    "environmental standards": [
        "ENERGY STAR Qualified Yes",
        "ENERGY STAR Qualified"
    ],
    "features": [
        "HDCP, ASUS Splendid Video Intelligence Technology, Skin-Tone Selection, Trace Free Technology, ASUS Smart Contrast Ratio (ASCR), ASUS Splendid Video Preset Mode, ASUS QuickFit Virtual Scale",
        "Security lock slot (cable lock sold separately)"
    ],
    "flat panel mount interface": "100 x 100 mm",
    "general": "Color Black\nResponse Time 2 ms (gray-to-gray)\nDiagonal Size 27\"\nPixel Pitch 0.311 mm\nColor Support 16.7 million colors\nDisplay Type LED-backlit LCD monitor / TFT active matrix\nDimensions (WxDxH) 25.3 in x 8.7 in x 17.5 in - with stand\nNative Resolution FullHD 1920 x 1080\nWeight 13.2 lbs\nFeatures HDCP, ASUS Splendid Video Intelligence Technology, Skin-Tone Selection, Trace Free Technology, ASUS Smart Contrast Ratio (ASCR), ASUS Splendid Video Preset Mode, ASUS QuickFit Virtual Scale\nBrightness 300 cd/m2\nVertical Refresh Rate 50 - 75 Hz\nHorizontal Refresh Rate 24 - 83 kHz\nAspect Ratio Widescreen - 16:9\nContrast Ratio 1200:1 / 50000000:1 (dynamic)\nBacklight Technology LED backlight\nControls & Adjustments Volume, brightness, contrast, input select, color temperature\nVertical Viewing Angle 160\nHorizontal Viewing Angle 170",
    "horizontal refresh rate": "24 - 83 kHz",
    "horizontal viewing angle": "170",
    "input connectors": "2xHDMI, VGA",
    "interfaces": "VGA \u00a6 2 x HDMI \u00a6 Headphones \u00a6 Audio line-in",
    "mainspecs": "Environmental Standards ENERGY STAR Qualified\nColor Black\nResponse Time 2 ms (gray-to-gray)\nNative Resolution FullHD 1920 x 1080\nSpeakers Integrated\nPixel Pitch 0.311 mm\nBrightness 300 cd/m2\nDisplay Position Adjustments Tilt\nContrast Ratio 1200:1 / 50000000:1 (dynamic)\nInput Connectors 2xHDMI, VGA\nColor Support 16.7 million colors\nCompliant Standards UL, VCCI, C-Tick, BSMI, cUL, WHQL, CB, CCC, PSB, EK, FCC, RoHS, WEEE, GOST-R, J-MOSS, ERP\nDevice Type LED-backlit LCD monitor - 27\"\nWeight 13.2 lbs\nDimensions (WxDxH) 25.3 in x 8.7 in x 17.5 in - with stand\nProduct Description ASUS VE278H - LED monitor - 27\"\nManufacturer Warranty 3 years warranty\nAspect Ratio Widescreen - 16:9",
    "manufacturer warranty": [
        "Service & Support Details Limited warranty - 3 years \u00a6 Limited warranty - LCD panel - 3 years\nService & Support 3 years warranty",
        "3 years warranty"
    ],
    "mechanical": "Flat Panel Mount Interface 100 x 100 mm\nTilt Angle -5/+20\nDisplay Position Adjustments Tilt",
    "miscellaneous": "Compliant Standards UL, VCCI, C-Tick, BSMI, cUL, WHQL, CB, CCC, PSB, EK, FCC, RoHS, WEEE, GOST-R, J-MOSS, ERP\nFeatures Security lock slot (cable lock sold separately)\nCables Included 1 x VGA cable \u00a6 1 x HDMI-DVI cable \u00a6 1 x audio cable",
    "native resolution": [
        "FullHD 1920 x 1080",
        "FullHD 1920 x 1080"
    ],
    "output power  channel": "3 Watt",
    "pixel pitch": [
        "0.311 mm",
        "0.311 mm"
    ],
    "power": "Power Supply Internal\nPower Consumption Stand by / Sleep 0.5 Watt\nVoltage Required AC 120/230 V ( 50/60 Hz )\nPower Consumption Operational 45 Watt",
    "power consumption operational": "45 Watt",
    "power consumption stand by  sleep": "0.5 Watt",
    "power supply": "Internal",
    "product description": "ASUS VE278H - LED monitor - 27\"",
    "response time": [
        "2 ms (gray-to-gray)",
        "2 ms (gray-to-gray)"
    ],
    "service  support": "3 years warranty",
    "service  support details": "Limited warranty - 3 years \u00a6 Limited warranty - LCD panel - 3 years",
    "speakers": "Integrated",
    "tilt angle": "-5/+20",
    "type": "Speakers - stereo - integrated",
    "vertical refresh rate": "50 - 75 Hz",
    "vertical viewing angle": "160",
    "voltage required": "AC 120/230 V ( 50/60 Hz )",
    "weight": [
        "13.2 lbs",
        "13.2 lbs"
    ]
}