{
    "<page title>": "Dell 464-7346 UltraSharp U2410 LCD Monitor 24\" - Vology",
    "aspect ratio": [
        "Widescreen - 16:10",
        "Widescreen - 16:10"
    ],
    "brightness": [
        "400 cd/m2",
        "400 cd/m2"
    ],
    "builtin devices": [
        "USB hub, card reader",
        "USB hub, card reader"
    ],
    "bundled with": [
        "3-Years Advanced Exchange Warranty",
        "3-Years Advanced Exchange Warranty"
    ],
    "cables included": "1 x DVI cable \u00a6 1 x DisplayPort cable \u00a6 1 x VGA cable",
    "certified for windows vista": "Certified for Windows Vista software and devices have undergone compatibility tests for ease-of-use, better performance and enhanced security.",
    "color": [
        "Black",
        "Black"
    ],
    "color support": [
        "1.07 billion colors",
        "1.07 billion colors"
    ],
    "compliant standards": [
        "TCO '03",
        "TCO '03"
    ],
    "connectivity": "Interfaces VGA \u00a6 2 x DVI-D \u00a6 DisplayPort \u00a6 HDMI \u00a6 Component video \u00a6 Composite video \u00a6 USB 2.0 upstream ( Type B ) \u00a6 4 x USB 2.0 downstream",
    "contrast ratio": [
        "1000:1 / 80000:1 (dynamic)",
        "1000:1 / 80000:1 (dynamic)"
    ],
    "device type": "LCD monitor - 24\"",
    "diagonal size": "24\"",
    "dimensions  weight": "Dimensions & Weight Details With stand - width: 22 in - depth: 8 in - height: 19.4 in - weight: 14.3 lbs \u00a6 Without stand - width: 22 in - depth: 3.2 in - height: 14.4 in",
    "dimensions  weight details": "With stand - width: 22 in - depth: 8 in - height: 19.4 in - weight: 14.3 lbs \u00a6 Without stand - width: 22 in - depth: 3.2 in - height: 14.4 in",
    "dimensions wxdxh": [
        "22 in x 8 in x 19.4 in - with stand",
        "22 in x 8 in x 19.4 in - with stand"
    ],
    "display position adjustments": [
        "Height, pivot (rotation), swivel, tilt",
        "Height, pivot (rotation), swivel, tilt"
    ],
    "display type": "LCD monitor / TFT active matrix",
    "environmental parameters": "Humidity Range Operating 10 - 80% (non-condensing)\nMax Operating Temperature 104 \u00b0F\nMin Operating Temperature 32 \u00b0F",
    "features": [
        "UltraSharp, HDCP, PremierColor technology, 96% Adobe RGB color gamut, 110% (CIE 1976) color gamut",
        "Security lock slot (cable lock sold separately), cable organizer"
    ],
    "flat panel mount interface": "Yes",
    "general": "Pixel Pitch 0.27 mm\nColor Support 1.07 billion colors\nBundled with 3-Years Advanced Exchange Warranty\nDisplay Type LCD monitor / TFT active matrix\nDimensions (WxDxH) 22 in x 8 in x 19.4 in - with stand\nViewable Size 24\"\nDiagonal Size 24\"\nResponse Time 6 ms\nFeatures UltraSharp, HDCP, PremierColor technology, 96% Adobe RGB color gamut, 110% (CIE 1976) color gamut\nBrightness 400 cd/m2\nNative Resolution 1920 x 1200 at 60 Hz\nWeight 14.3 lbs\nHorizontal Viewing Angle 178\nContrast Ratio 1000:1 / 80000:1 (dynamic)\nVertical Viewing Angle 178\nScreen Coating Anti-glare, hard coating\nPanel Type IPS\nColor Black\nBuilt-in Devices USB hub, card reader\nAspect Ratio Widescreen - 16:10",
    "height adjustment": "3.9 in",
    "horizontal viewing angle": "178",
    "humidity range operating": "10 - 80% (non-condensing)",
    "included accessories": "Stand",
    "included software": "Drivers & Utilities",
    "input connectors": "HDMI, 2xDVI-D, VGA, DisplayPort , composite video, component video",
    "interfaces": "VGA \u00a6 2 x DVI-D \u00a6 DisplayPort \u00a6 HDMI \u00a6 Component video \u00a6 Composite video \u00a6 USB 2.0 upstream ( Type B ) \u00a6 4 x USB 2.0 downstream",
    "mainspecs": "Built-in Devices USB hub, card reader\nColor Support 1.07 billion colors\nCompliant Standards TCO '03\nDevice Type LCD monitor - 24\"\nPixel Pitch 0.27 mm\nNative Resolution 1920 x 1200 at 60 Hz\nDisplay Position Adjustments Height, pivot (rotation), swivel, tilt\nInput Connectors HDMI, 2xDVI-D, VGA, DisplayPort , composite video, component video\nContrast Ratio 1000:1 / 80000:1 (dynamic)\nBrightness 400 cd/m2\nScreen Coating Anti-glare, hard coating\nPanel Type IPS\nWeight 14.3 lbs\nDimensions (WxDxH) 22 in x 8 in x 19.4 in - with stand\nManufacturer Warranty 3 years warranty\nProduct Description Dell UltraSharp U2410 - LCD monitor - 24\" - with 3-Years Advanced Exchange Warranty\nBundled with 3-Years Advanced Exchange Warranty\nAspect Ratio Widescreen - 16:10\nResponse Time 6 ms\nMicrosoft Certification Certified for Windows Vista\nColor Black",
    "manufacturer warranty": [
        "Service & Support 3 years warranty\nService & Support Details Limited warranty - 3 years",
        "3 years warranty"
    ],
    "max operating temperature": "104 \u00b0F",
    "mechanical": "Display Position Adjustments Height, pivot (rotation), swivel, tilt\nTilt Angle 24\nRotation Angle 90\nFlat Panel Mount Interface Yes\nSwivel Angle 90\nHeight Adjustment 3.9 in",
    "microsoft certification": "Certified for Windows Vista",
    "min operating temperature": "32 \u00b0F",
    "miscellaneous": "Certified for Windows Vista Certified for Windows Vista software and devices have undergone compatibility tests for ease-of-use, better performance and enhanced security.\nIncluded Accessories Stand\nFeatures Security lock slot (cable lock sold separately), cable organizer\nCables Included 1 x DVI cable \u00a6 1 x DisplayPort cable \u00a6 1 x VGA cable\nCompliant Standards TCO '03",
    "native resolution": [
        "1920 x 1200 at 60 Hz",
        "1920 x 1200 at 60 Hz"
    ],
    "panel type": [
        "IPS",
        "IPS"
    ],
    "pixel pitch": [
        "0.27 mm",
        "0.27 mm"
    ],
    "power": "Power Consumption Operational 75 Watt\nVoltage Required AC 120/230 V ( 50/60 Hz )\nPower Supply Internal",
    "power consumption operational": "75 Watt",
    "power supply": "Internal",
    "product description": "Dell UltraSharp U2410 - LCD monitor - 24\" - with 3-Years Advanced Exchange Warranty",
    "response time": [
        "6 ms",
        "6 ms"
    ],
    "rotation angle": "90",
    "screen coating": [
        "Anti-glare, hard coating",
        "Anti-glare, hard coating"
    ],
    "service  support": "3 years warranty",
    "service  support details": "Limited warranty - 3 years",
    "software  system requirements": "Included Software Drivers & Utilities",
    "swivel angle": "90",
    "tilt angle": "24",
    "vertical viewing angle": "178",
    "viewable size": "24\"",
    "voltage required": "AC 120/230 V ( 50/60 Hz )",
    "weight": [
        "14.3 lbs",
        "14.3 lbs"
    ]
}