{
    "<page title>": "Buy 3M 15\" MicroTouch C1500SS LCD Touchmonitor Serial With Slimline Monitors - LCD 11-71315-227-01 today at PC Connection",
    "attributes": [
        "Rackmount display",
        "Touch screen"
    ],
    "color": "Black",
    "color support": "16.7 million colors",
    "compliant standards": [
        "FCC Class B certified",
        "UL",
        "RoHS",
        "CE"
    ],
    "connector": [
        "RS-232",
        "HDDB15"
    ],
    "connector type": [
        "VGA",
        "Serial (RS-232)"
    ],
    "contents": "Monitor, documentation",
    "contrast ratio": "500:1",
    "display size": "15 in",
    "display technology": [
        "LCD",
        "Touch screen"
    ],
    "display type": "Standard",
    "dot pitch": "0.297 mm",
    "image brightness": "225 nit(s)",
    "internal resolution max": "1024 x 768",
    "physical dimensions": "10.9\"h x 13.8\"w x 2\"d",
    "portsconnectors": "(1) RS232\n(1) HDDB15",
    "power notes": "Voltage: 110-220VAC, 12VDC",
    "viewing angle hv degrees": "170/170",
    "warranty  labor": "3 Years",
    "warranty  parts": "3 Years",
    "warranty details": "5 year parts/labor for touch screen and components"
}