{
    "<page title>": "Buy 3M 15\" MicroTouch C1500SS LCD Touch Screen Monitor Monitors - LCD 11-71315-225-01 today at PC Connection",
    "actual weight": "9.20 lb(s)",
    "attributes": "Touch screen",
    "color": "Black",
    "color support": "16.2 million colors",
    "compliant standards": [
        "UL",
        "CE",
        "FCC Class B certified",
        "CUL"
    ],
    "connector": [
        "D-Sub 15 pin",
        "USB"
    ],
    "connector type": [
        "USB 2.0",
        "VGA"
    ],
    "contents": "Monitor, power cord, documentation",
    "contrast ratio": "500:1",
    "display size": "15 in",
    "display technology": [
        "LCD",
        "TFT"
    ],
    "display type": "Standard",
    "dot pitch": "0.297 mm",
    "image brightness": "225 nit(s)",
    "internal resolution max": "1024 x 768",
    "physical dimensions": "10.9\"h x 13.8\"w x 2\"d",
    "portsconnectors": "(1) Power in",
    "power notes": "Requirements: 110/220VAC (50/60Hz)\nConsumption: Operational 20W; Stand by / Sleep 1W",
    "response timerate": "16 ms",
    "viewing angle hv degrees": "170/170",
    "warranty  labor": "3 Years",
    "warranty  parts": "3 Years",
    "warranty details": "5 years on touch screen"
}