{
    "<page title>": "Buy Acer 22\" V226WL BMD LED-LCD Monitor, Black Monitors - LED-LCD UM.EV6AA.001 today at PC Connection",
    "actual weight": "6.80 lb(s)",
    "attributes": [
        "Speakers Included",
        "Dual speakers"
    ],
    "brightness nitscdm2": "250 nit(s)",
    "color": "Black",
    "color support": "16.7 million colors",
    "compatibility notes": "Convincing:\nFocus more sharply on your tasks with the superior contrast ratios and ultra-quick response of Professional Series monitors. In-Plane Switching (IPS) technology delivers consistent viewing across wide angles, faster response time for reduced eye strain, more realistic colors, and a stable view that prevents tailing when the screen is touched.\nPrepared:\nCollaborating with others is faster and more productive when you have plenty of ports available. Professional Series monitors allow you to connect to a wide variety of useful devices including notebooks, tablets and giant screen TVs, thanks to helpful VGA, DVI, HDMI, USB and even DisplayPort connectivity options.\nGreen focus:\nProfessional Series monitors are RoHS compliant and mercury free. In addition, you'll see power savings of up to 68% thanks to advanced Acer EcoDisplay technologies and white LED backlighting, which cut your costs and conserve the earth's resources. Acer also uses recyclable packaging to further reduce ecological impact.",
    "compliant standards": [
        "EPEAT Gold",
        "TCO Displays 6.0"
    ],
    "connector": [
        "DVI",
        "HDDB15",
        "Power"
    ],
    "connector type": [
        "Power",
        "DVI",
        "VGA"
    ],
    "contents": "Monitor, VGA cable, DVI cable, power cord, documentation",
    "contrast ratio": "100,000,000:1",
    "digital video standard": "Digital Visual Interface (DVI)",
    "display size": "22 in",
    "display technology": [
        "LED-backlit",
        "LCD"
    ],
    "display type": "Widescreen",
    "energy star qualified": "Yes",
    "image brightness": "250 cd/m2",
    "internal resolution max": "1680 x 1050",
    "physical dimensions": "16.5\"h x 19.9\"w x 8.2\"d",
    "portsconnectors": "(1) DVI\n(1) HDDB15 VGA\n(1) Power in",
    "power notes": "Supply: 110-220VAC\nConsumption: 24.2W (typ.); 0.5W (standby); 0.4W (off mode)",
    "response timerate": "5 ms",
    "viewing angle hv degrees": "170/160",
    "warranty  labor": "3 Years",
    "warranty  parts": "3 Years",
    "warranty details": "limited"
}