{
    "<page title>": "Buy Open Box 3M 15\" MicroTouch M150 LCD Touchmonitor Capacitive, Monitors - LCD 11-81375-227 today at PC Connection",
    "actual weight": "16.30 lb(s)",
    "attributes": [
        "Touch screen",
        "Tilt"
    ],
    "color": "Black",
    "color support": "16.2 million colors",
    "compliant standards": [
        "UL",
        "CUL",
        "CE",
        "C-Tick",
        "FCC Class B certified",
        "CCC"
    ],
    "connector": [
        "DB9 (F)",
        "HDDB15 (F)",
        "3.5mm audio (F)"
    ],
    "connector type": [
        "Serial (RS-232)",
        "VGA",
        "Audio (Stereo)"
    ],
    "contents": "Monitor, VGA cable, AC/DC power supply, AC power cable, serial cable, audio cable, software, documentation",
    "contrast ratio": "500:1",
    "display position adjustments": "Tilt",
    "display size": "15 in",
    "display technology": "LCD",
    "display type": "Standard",
    "dot pitch": "0.297 mm",
    "image brightness": "225 nit(s)",
    "internal resolution max": "1024 x 768",
    "os notes": "Windows XP, 2000, 98, Me, NT 4.0",
    "physical dimensions": "15.7\"h x 16.1\"w x 10.2\"d",
    "portsconnectors": "(1) HDDB15 female\n(3) 3.5mm audio\n(1) DB9",
    "power notes": "Supply: 12VDC power supply\nConsumption:",
    "refurbished type": "Open Box",
    "response timerate": "12 ms",
    "viewing angle hv degrees": "150/150",
    "warranty  labor": "90 Days",
    "warranty  parts": "90 Days"
}