{
    "<page title>": "C240P4QPYEW/00, PHIC240P4QPYEW, Philips, LCD Monitor, IML Direct Italy",
    "adjustable display angle": "Yes",
    "adjustable display height": "Yes",
    "adjustable display pivot": "Yes",
    "aspect ratio": "16:10",
    "backlight technology": "LED",
    "brand name": "Philips",
    "brightness": "300 cd/m\u00b2",
    "builtin devices": [
        "Speaker",
        "USB Hub"
    ],
    "certifications  standards": "EMC: IEC/EN60601-1-2, CE Mark Safety: IEC/EN60601-1, CE Mark, GOST Ergonomic/Others: JIS Z2801, TUV/GS, TUV Ergo",
    "colour": "White",
    "colour support": "16.7 Million Colours",
    "contrast ratio": "1,000:1",
    "depth": "65 mm",
    "depth with stand": "244 mm",
    "displayport": "Yes",
    "dvi": "Yes",
    "features": [
        "SmartErgoBase",
        "Sync on Green",
        "PowerSensor",
        "Security Lock"
    ],
    "green compliance certificateauthority": [
        "EPEAT Gold",
        "RoHS",
        "TCO Certified Displays 6.0",
        "WEEE",
        "ENERGY STAR 6.0"
    ],
    "green compliant": "Yes",
    "hdcp supported": "Yes",
    "headphone": "Yes",
    "height": "388 mm",
    "height with stand": "550 mm",
    "horizontal viewing angle": "178\u00b0",
    "input voltage": [
        "110 V AC",
        "220 V AC"
    ],
    "limited warranty": "2 Year",
    "manufacturer": "Philips Electronics",
    "manufacturer part number": "C240P4QPYEW/00",
    "maximum resolution": "1920 x 1200",
    "number of screens": "1",
    "number of speakers": "2",
    "offmode power consumption": "0 mW",
    "operating power consumption": "17.40 W",
    "panel technology": "In-plane Switching (IPS) Technology",
    "platform supported": [
        "PC",
        "Mac"
    ],
    "product line": "Brilliance",
    "product model": "C240P4QPYEW",
    "product name": "Brilliance LCD Monitor With Clinical D-image",
    "product type": "LCD Monitor",
    "response time": "14 ms",
    "screen mode": "WUXGA",
    "screen size": "61 cm (24\")",
    "speakers": "Yes",
    "standard refresh rate": "60 Hz",
    "standby power consumption": "400 mW",
    "usb": "Yes",
    "usb standard": "USB 2.0",
    "vertical viewing angle": "178\u00b0",
    "vesa mount compatible": "Yes",
    "vesa mount standard": "100 x 100",
    "vga": "Yes",
    "weight approximate": "4.64 kg",
    "weight with stand approximate": "6.97 kg",
    "width": "555 mm",
    "width with stand": "555 mm"
}