{
    "<page title>": "246V5LHAB/00, 2716391, Philips, LCD Monitor, IML Direct Italy",
    "adjustable display angle": "Yes",
    "aspect ratio": "16:9",
    "backlight technology": "LED",
    "brand name": "Philips",
    "brightness": "250 cd/m\u00b2",
    "builtin devices": "Speaker",
    "certifications  standards": "GOSTPSBSASOBSMICE MarkuETLusFCC Class BSEMKOTUV/ISO9241-307",
    "colour": "Glossy Black",
    "colour support": "16.7 Million Colours",
    "contrast ratio": "1,000:1",
    "depth": "63 mm",
    "depth with stand": "238 mm",
    "features": [
        "Security Lock",
        "SmartContrast",
        "Sync on Green"
    ],
    "green compliance certificateauthority": [
        "EPEAT Silver",
        "RoHS",
        "WEEE",
        "TCO Certified Displays",
        "ENERGY STAR 6.0"
    ],
    "green compliant": "Yes",
    "hdmi": "Yes",
    "headphone": "Yes",
    "height": "354 mm",
    "height with stand": "435 mm",
    "horizontal viewing angle": "170\u00b0",
    "input voltage": [
        "220 V AC",
        "110 V AC"
    ],
    "limited warranty": "3 Year",
    "manufacturer": "Philips Electronics",
    "manufacturer part number": "246V5LHAB/00",
    "maximum resolution": "1920 x 1080",
    "number of screens": "1",
    "number of speakers": "2",
    "offmode power consumption": "500 mW",
    "operating power consumption": "21.75 W",
    "platform supported": [
        "Mac",
        "PC"
    ],
    "product model": "246V5LHAB",
    "product name": "LCD Monitor with SmartControl Lite",
    "product series": "V",
    "product type": "LCD Monitor",
    "response time": "5 ms",
    "screen mode": "Full HD",
    "screen size": "61 cm (24\")",
    "speakers": "Yes",
    "standard refresh rate": "60 Hz",
    "standby power consumption": "300 mW",
    "vertical viewing angle": "160\u00b0",
    "vesa mount compatible": "Yes",
    "vesa mount standard": "100 x 100",
    "vga": "Yes",
    "weight approximate": "4.22 kg",
    "weight with stand approximate": "4.65 kg",
    "width": "565 mm",
    "width with stand": "565 mm"
}