{
    "<page title>": "E2483HS-B1, IIYE2483HSB, Iiyama, LCD Monitor, IML Direct Italy",
    "aspect ratio": "16:9",
    "backlight technology": "LED",
    "brand name": "iiyama",
    "brightness": "250 cd/m\u00b2",
    "builtin devices": "Speaker",
    "certifications  standards": "CE TUV-GS VCCI-B PSE CU DDC-2B VESA DPMS VCCI Class B",
    "colour": "Black",
    "colour support": "16.7 Million Colours",
    "contrast ratio": "1,000:1",
    "depth": "203 mm",
    "dvi": "Yes",
    "features": "Security Lock",
    "green compliance certificateauthority": [
        "ENERGY STAR",
        "TCO Certified Displays 6.0"
    ],
    "green compliant": "Yes",
    "hdcp supported": "Yes",
    "hdmi": "Yes",
    "headphone": "Yes",
    "height": "412 mm",
    "horizontal viewing angle": "170\u00b0",
    "input voltage": [
        "220 V AC",
        "110 V AC"
    ],
    "limited warranty": "3 Year",
    "manufacturer": "iiyama North America, Inc",
    "manufacturer part number": "E2483HS-B1",
    "maximum resolution": "1920 x 1080",
    "number of screens": "1",
    "number of speakers": "2",
    "operating power consumption": "24 W",
    "package contents": "ProLite E2483HS - A Full HD LED Monitor with 2 ms Response Time Power cable VGA cable (D-Sub) DVI-D cable Audio cable Stand Quick start guide Safety guide",
    "panel technology": "Twisted Nematic Film (TN Film)",
    "product line": "ProLite",
    "product model": "E2483HS",
    "product name": "ProLite E2483HS - A Full HD LED Monitor with 2 ms Response Time",
    "product type": "LCD Monitor",
    "response time": "2 ms",
    "screen mode": "Full HD",
    "screen size": "61 cm (24\")",
    "speakers": "Yes",
    "standard refresh rate": "75 Hz",
    "standby power consumption": "500 mW",
    "vertical viewing angle": "160\u00b0",
    "vesa mount compatible": "Yes",
    "vesa mount standard": "100 x 100",
    "vga": "Yes",
    "weight approximate": "3.40 kg",
    "width": "565 mm"
}