{
    "<page title>": "Samsung 22 S22C200B MONITOR LED",
    "altezza": "30,19 cm",
    "altezza con supporto": "38,535 cm",
    "altezza imballo": "37,1 cm",
    "angolo di visualizzazione orizzontale": "170\u00b0",
    "angolo di visualizzazione verticale": "160\u00b0",
    "certificazione": "UL, CSA, TUV, NEMKO, KC, CCC, PSB, GOST, SIQ, PCBC, NOM, IRAM, SASO, FCC, CE, VCCI, KCC, C-Tick, CCC",
    "certificazione energy star": "Si",
    "classe efficienza energetica": "Non specificato",
    "colore del prodotto": "Nero",
    "colori del display": "16,77M",
    "compatibile con montaggio vesa": "100 x 100 mm",
    "conformit\u00e0 epeat": "Oro",
    "consumi": "24W",
    "consumi modalit\u00e0 risparmio energetico": "19W",
    "consumi modalit\u00e0 standby": "0,1W",
    "dimensioni schermo": "54,61 cm (21.5\")",
    "formato": "16:9",
    "fotocamera integrata": "No",
    "frequenza di ingresso": "50/60 Hz",
    "guida rapida": "Si",
    "hdcp": "No",
    "inclinazione": "-1 - 20\u00b0",
    "inclinazione regolabile": "Si",
    "intervallo temperatura di funzionamento": "0 - 40 \u00b0C",
    "larghezza": "50,43 cm",
    "larghezza con supporto": "50,43 cm",
    "larghezza imballo": "59,3 cm",
    "luminosit\u00e0 schermo": "250 cd/m\u00b2",
    "manuale dellutente": "Si",
    "montabile a parete": "Si",
    "peso": "3,05 kg",
    "peso incluso imballo": "4,65 kg",
    "peso prodotto con supporto": "3,5 kg",
    "porta dvi": "Si",
    "profondit\u00e0": "7,76 cm",
    "profondit\u00e0 con supporto": "18,5 cm",
    "profondit\u00e0 imballo": "14 cm",
    "quantit\u00e0": "1",
    "quantit\u00e0 porte vga dsub": "1",
    "range di umidit\u00e0 di funzionamento": "10 - 80%",
    "rapporto di contrasto": "1000:1",
    "rapporto di contrasto dinamico": "Contrasto Mega",
    "regolazione altezza": "No",
    "risoluzione": "1920 x 1080 Pixels",
    "risoluzioni grafiche supportate": "1920 x 1080 (HD 1080)",
    "tempo di risposta": "5 ms",
    "tipologia display": "LED",
    "tipologia hd": "Full HD",
    "voltaggio di ingresso": "100 - 240V"
}