{
    "<page title>": "AOC MONITOR LED 19 AOC e960Srda",
    "ac power in": "Si",
    "altezza": "405.1 mm",
    "altoparlanti incorporati": "Si",
    "angolo di visualizzazione orizzontale": "170 \u00b0",
    "angolo di visualizzazione verticale": "160 \u00b0",
    "blocco cavo": "Kensington",
    "bluetooth": "N",
    "certificazione": "CE, cTUVus, EuP, FCC, ISO 9241-307, GOST, RoHS, TCO 5.0, T\u00dcV-GS",
    "certificazione energy star": "Si",
    "classe efficienza energetica": "Non specificato",
    "collegamento ethernet lan": "N",
    "colore del prodotto": "Nero",
    "colori del display": "16.77 M",
    "compatibile con montaggio vesa": "100 x 100 mm",
    "compatibilit\u00e0 3d": "N",
    "conformit\u00e0 epeat": "Argento",
    "connessione wlan": "N",
    "consumi": "22 W",
    "consumi modalit\u00e0 spento": "0.5 W",
    "consumi modalit\u00e0 standby": "0.5 W",
    "dimensione visibile orizzontale": "376 mm",
    "dimensione visibile verticale": "301 mm",
    "dimensioni schermo": [
        "482.6 mm (19 \")",
        "48.3 cm"
    ],
    "dot pitch": "0.294 x 0.294 mm",
    "dot rate video": "140 MHz",
    "formato": "5:4",
    "fotocamera integrata": "N",
    "frequenza scansione orizzontale": "30 - 80 kHz",
    "frequenza scansione verticale": "50 - 76 Hz",
    "girevole": "N",
    "hdcp": "N",
    "inclinazione": "-5 - 15 \u00b0",
    "inclinazione regolabile": "Si",
    "interruttore integrato": "Si",
    "larghezza": "409.2 mm",
    "lettore di schede integrato": "N",
    "luminosit\u00e0 schermo": "250 cd/m\u00b2",
    "microfono incorporato": "N",
    "microfono spinotto dingresso": "N",
    "montabile a parete": "Si",
    "numero di altoparlanti": "1",
    "on screen display osd": "Si",
    "peso": "2.85 kg",
    "peso prodotto con supporto": "4.2 kg",
    "plug  play": "Si",
    "profondit\u00e0": "210 mm",
    "quantit\u00e0 porte dvid": "1",
    "quantit\u00e0 porte vga dsub": "1",
    "rapporto di contrasto": "1000:1",
    "rapporto di contrasto dinamico": "20000000:1",
    "regolazione altezza": "N",
    "risoluzione": "1280 x 1024 Pixels",
    "risoluzioni grafiche supportate": "1280 x 1024 (SXGA)",
    "rotazione": "N",
    "sintonizzatore tv integrato": "N",
    "source datasheet": ".",
    "tempo di risposta": "5 ms",
    "thin client installato": "N",
    "tipi schede di memoria": "N",
    "tipologia display": "LED",
    "voltaggio di ingresso": "90 - 240 V"
}