{
    "<page title>": "OHC24 Shop : Monitor > Monitor search help > Philips C240P4QPYEW/24\" LED Clinical IPS C240P4QPYEW/00",
    "aspect ratio": "Widescreen - 16:10",
    "brightness": "300 cd/m2",
    "colour": "White",
    "colour support": "16.7 million colours",
    "compliant standards": "TUV GS, GOST, TUV Ergo, RoHS, Lead-Free, WEEE, DICOM Part 14, IEC 60601-1, TCO Displays 6.0",
    "contrast ratio": "1000:1",
    "device type": "LED-backlit LCD monitor - 24\"",
    "dimensions wxdxh": "55.5 cm x 24.4 cm x 55 cm - with stand",
    "display position adjustments": "Height, pivot (rotation), swivel, tilt",
    "environmental standards": "ENERGY STAR Qualified",
    "input connectors": "DVI-D, VGA, DisplayPort",
    "manufacturer warranty": "3 years warranty",
    "native resolution": "FullHD 1920 x 1080 at 60 Hz",
    "panel type": "IPS",
    "pixel pitch": "0.27 mm",
    "product description": "Philips Brilliance C240P4QPYEW - LED monitor - 24\"",
    "response time": "14 ms",
    "weight": "6.97 kg"
}