{
    "<page title>": "OHC24 Shop : Monitor > Monitor search help > 3M M2767PW 68 > 6CM 27IN LED 68.6 cm (27\")/ DE272920880",
    "aspect ratio": "Widescreen - 16:9",
    "brightness": "250 cd/m2",
    "colour": "Black",
    "colour support": "16.7 million colours",
    "compliant standards": "FCC Class B certified, TUV, C-Tick, RoHS",
    "contrast ratio": "5000:1",
    "device type": "LED-backlit LCD monitor - 27\" - Multi-Touch",
    "dimensions wxdxh": "64.8 cm x 25 cm x 38.9 cm",
    "display position adjustments": "Tilt",
    "input connectors": "HDMI, VGA, DisplayPort",
    "manufacturer warranty": "1 year warranty",
    "microsoft certification": "Compatible with Windows 7",
    "native resolution": "FullHD 1920 x 1080",
    "panel type": "P-MVA",
    "pixel pitch": "0.248 mm",
    "product description": "3M Multi-touch Display M2767PW - LED monitor - 27\"",
    "response time": "16 ms",
    "speakers": "Integrated",
    "weight": "7.7 kg"
}