{
    "<page title>": "OHC24 Shop : Monitor > Monitor search help > Samsung Monitor 21.5\"S.master S22C650D LS22C65UDS/EN",
    "aspect ratio": "Widescreen - 16:9",
    "brightness": "250 cd/m2",
    "builtin devices": "USB Hub",
    "colour": "Matte black",
    "colour support": "16.7 million colours",
    "contrast ratio": "1000:1",
    "device type": "LED-backlit LCD monitor - 21.5\"",
    "dimensions wxdxh": "50.43 cm x 21 cm x 49.03 cm - with stand",
    "display position adjustments": "Height, pivot (rotation), swivel, tilt",
    "environmental standards": "ENERGY STAR Qualified",
    "input connectors": "DVI-D, VGA, DisplayPort",
    "manufacturer warranty": "3 years warranty",
    "native resolution": "FullHD 1920 x 1080",
    "panel type": "AD-PLS",
    "pixel pitch": "0.24825 mm",
    "product description": "Samsung S22C650D - LED monitor - 21.5\"",
    "response time": "5 ms (grey-to-grey)",
    "weight": "4.75 kg"
}