{
    "<page title>": "OHC24 Shop : Monitor > 80 Zoll and greater > LG Electronics 84WS70MS 213CM 84IN ANA/DIG 84WS70MS-B.AEU",
    "diagonal size": "84\"",
    "diagonal size cm": "213 cm",
    "dimensions wxdxh": "192.3 cm x 10.1 cm x 110.9 cm - without stand",
    "display format": "4K UHDTV (2160p)",
    "features": "Smart Energy Saving, temperature sensor, Image Sticking Minimization (ISM), auto brightness sensor",
    "hdmi ports qty": "1 port(s)",
    "image aspect ratio": "16:9",
    "lcd backlight technology": "LED backlight - edge-lit",
    "pc interface": "DVI, VGA (HD-15), DisplayPort",
    "power": "AC 120/230 V ( 50/60 Hz )",
    "power consumption operational": "350 Watt",
    "product description": "LG 84WS70MS-B - 84\" LED-backlit LCD flat panel display",
    "product type": "LED-backlit LCD flat panel display",
    "remote control": "Remote control",
    "resolution": "3840 x 2160",
    "technology": "IPS",
    "tv tuner": "No tuner",
    "usb port": "Yes , 2 port(s)",
    "video interface": "Composite, HDMI",
    "weight": "72.9 kg"
}