{
    "<page title>": "OHC24 Shop : Monitor > Monitor search help > Dell - P2314T 859-BBBZ",
    "aspect ratio": "Widescreen - 16:9",
    "brightness": "300 cd/m2",
    "builtin devices": "Touch-screen",
    "bundled with": "3-Years Advance Exchange Service",
    "colour support": "16.7 million colours",
    "compliant standards": "Plug and Play, TCO Displays",
    "contrast ratio": "1000:1 / 8000000:1 (dynamic)",
    "device type": "LED-backlit LCD monitor - 23\" - Multi-Touch",
    "dimensions wxdxh": "56.99 cm x 8.09 cm x 41.27 cm - with stand",
    "display position adjustments": "Tilt",
    "environmental standards": "ENERGY STAR Qualified",
    "input connectors": "2xHDMI, VGA, DisplayPort",
    "manufacturer warranty": "3 years warranty",
    "microsoft certification": "Compatible with Windows 7",
    "native resolution": "FullHD 1920 x 1080 at 60 Hz",
    "panel type": "IPS",
    "pixel pitch": "0.265 mm",
    "product description": "Dell P2314T - LED monitor - 23\" - with 3-Years Advance Exchange Service",
    "response time": "8 ms (grey-to-grey)",
    "screen coating": "Anti-glare, 3H Hard Coating"
}