{
    "<page title>": "OHC24 Shop : Monitor > Monitor search help > Iiyama ProLite - E2483HS-1 E2483HS-B1",
    "aspect ratio": "Widescreen - 16:9",
    "brightness": "250 cd/m2",
    "colour": "Black",
    "colour support": "16.7 million colours",
    "compliant standards": "TUV GS, DDC-2B, VESA DPMS, PSE Mark, TCO Displays, VCCI Class B",
    "contrast ratio": "1000:1 / 5000000:1 (dynamic)",
    "device type": "LED-backlit LCD monitor - 24\"",
    "dimensions wxdxh": "56.55 cm x 20.3 cm x 41.2 cm",
    "display position adjustments": "Tilt",
    "environmental standards": "ENERGY STAR Qualified",
    "input connectors": "HDMI, DVI-D, VGA",
    "native resolution": "FullHD 1920 x 1080",
    "panel type": "TN",
    "pixel pitch": "0.277 mm",
    "product description": "Iiyama ProLite E2483HS-1 - LED monitor - 24\"",
    "response time": "2 ms",
    "speakers": "Integrated",
    "weight": "3.4 kg"
}