{
    "<page title>": "OHC24 Shop : Monitor > Monitor search help > Philips 241B4LPYCB/24\" LED Powersensor 241B4LPYCB/00",
    "aspect ratio": "Widescreen - 16:9",
    "brightness": "250 cd/m2",
    "builtin devices": "USB Hub",
    "colour": "Textured black with black stand",
    "colour support": "16.7 million colours",
    "compliant standards": "Plug and Play, FCC Class B certified, UL, TUV GS, BSMI, GOST, cUL, SASO, SEMKO, TUV Ergo, DDC/CI, RoHS, Lead-Free, WEEE, TCO Certified Edge, TCO Displays 5.2",
    "contrast ratio": "1000:1 / 20000000:1 (dynamic)",
    "device type": "LED-backlit LCD monitor - 24\"",
    "display position adjustments": "Height, pivot (rotation), swivel, tilt",
    "environmental standards": "ENERGY STAR Qualified",
    "input connectors": "DVI-D, VGA, DisplayPort",
    "manufacturer warranty": "3 years warranty",
    "native resolution": "FullHD 1920 x 1080 at 60 Hz",
    "panel type": "TN",
    "pixel pitch": "0.276 mm",
    "product description": "Philips Brilliance B-line 241B4LPYCB - LED monitor - 24\"",
    "response time": "5 ms",
    "speakers": "Integrated"
}