{
    "<page title>": "OHC24 Shop : Monitor > 80 Zoll and greater > NEC 60002612",
    "colour": "Black",
    "diagonal size": "82\"",
    "diagonal size cm": "207 cm",
    "dimensions wxdxh": "193 cm x 15 cm x 114 cm - without stand",
    "display format": "1080p (FullHD)",
    "features": "Ambient light sensor (ALS), temperature sensor, portrait mode, TileComp, TileMatrix",
    "hdmi ports qty": "1 port(s)",
    "image aspect ratio": "16:9",
    "manufacturer warranty": "3 years warranty",
    "pc interface": "DVI, HDMI",
    "power": "AC 120/230 V ( 50/60 Hz )",
    "power consumption operational": "900 Watt",
    "product description": "NEC MultiSync LCD8205 - 82\" LCD flat panel display",
    "product type": "LCD flat panel display",
    "remote control": "Remote control",
    "resolution": "1920 x 1080",
    "speaker system": "2 speakers",
    "technology": "S-PVA",
    "tv tuner": "No tuner",
    "video interface": "Component, composite, HDMI, S-Video",
    "weight": "145 kg"
}