{
    "<page title>": "OHC24 Shop : Monitor > Monitor search help > Elo Desktop Touchmonitors - 1919L iTouch Plus E902720",
    "aspect ratio": "Widescreen - 16:9",
    "brightness": "225 cd/m2",
    "builtin devices": "Touch-screen",
    "colour": "Dark grey",
    "colour support": "16.7 million colours",
    "compliant standards": "UL, VCCI, BSMI, cUL, NOM, CB, CCC, RoHS, WEEE, S Mark, KC, China RoHS",
    "contrast ratio": "1000:1",
    "device type": "LCD monitor - 18.5\"",
    "dimensions wxdxh": "45.4 cm x 23.6 cm x 32.1 cm - with stand",
    "display position adjustments": "Pivot (rotation), tilt",
    "input connectors": "VGA",
    "localisation": "Worldwide",
    "manufacturer warranty": "3 years warranty",
    "native resolution": "1366 x 768 at 60 Hz",
    "product description": "Elo Desktop Touchmonitors 1919L iTouch Plus - LCD monitor - 18.5\"",
    "response time": "5 ms",
    "speakers": "Internal",
    "weight": "6.8 kg"
}