{
    "<page title>": "221B3LPCB/02, 2541424, Philips, LCD Monitor, Itenergy Ltd",
    "adjustable display angle": "Yes",
    "adjustable display height": "Yes",
    "adjustable display pivot": "Yes",
    "aspect ratio": "16:9",
    "backlight technology": "LED",
    "brand name": "Philips",
    "brightness": "250 cd/m\u00c2\u00b2",
    "builtin devices": [
        "USB Hub",
        "Speaker"
    ],
    "certifications  standards": "CEBSMIFCC Class BGOSTSEMKOTUV/GSTUV ErgoUL/cUL",
    "colour": "Black",
    "colour support": "16.7 Million Colours",
    "contrast ratio": "1,000:1",
    "depth": "59 mm",
    "depth with stand": "227 mm",
    "dvi": "Yes",
    "features": [
        "SmartTouch",
        "SmartImage",
        "PowerSensor",
        "Security Lock"
    ],
    "green compliance certificateauthority": [
        "EPEAT Gold",
        "TCO Certified Displays 5.1",
        "RoHS",
        "ENERGY STAR 5.0"
    ],
    "green compliant": "Yes",
    "hdcp supported": "Yes",
    "headphone": "Yes",
    "height": "323 mm",
    "height with stand": "480 mm",
    "horizontal viewing angle": "176\u00c2\u00b0",
    "input voltage": [
        "220 V AC",
        "110 V AC"
    ],
    "manufacturer": "Philips Electronics",
    "manufacturer part number": "221B3LPCB/02",
    "maximum resolution": "1920 x 1080",
    "number of screens": "1",
    "number of speakers": "2",
    "operating power consumption": "17.80 W",
    "platform supported": [
        "Mac",
        "PC"
    ],
    "product line": "Brilliance",
    "product model": "221B3LPCB",
    "product name": "LCD Monitor, LED Backlight with PowerSensor",
    "product series": "B",
    "product type": "LCD Monitor",
    "response time": "5 ms",
    "screen mode": "Full HD",
    "screen size": "54.6 cm (21.5\")",
    "speakers": "Yes",
    "standard refresh rate": "60 Hz",
    "standby power consumption": "100 mW",
    "usb": "Yes",
    "usb standard": "USB 2.0",
    "vertical viewing angle": "170\u00c2\u00b0",
    "vesa mount compatible": "Yes",
    "vesa mount standard": "100 x 100",
    "vga": "Yes",
    "weight approximate": "3.40 kg",
    "weight with stand approximate": "5.30 kg",
    "width": "507 mm",
    "width with stand": "507 mm"
}