{
    "<page title>": "Philips 246v5lhab 24 Inch Screen Lcd / Led Monitor - Yikus.com",
    "aspectratio": ": 1.78:1",
    "brand": ": Philips",
    "category": ": MONITOR",
    "ean": ": 0609585236660",
    "feature": [
        ": Built-in 2W X 2 Stereo Speakers For Your Entertainment Needs.\u201d",
        ": 250 Cd/m2 Brightness For Vibrant Images.",
        ": 10,000,000:1 SmartContrast Ratio For Rich Black Details In Shadow Areas.",
        ": VGA, HDMI Connectivity For High Quality Digital Video And Audio.",
        ": 1920 X 1080 Resolution With 16:9 Aspect Ratio That Gives You A \u201c\u201dFull HD\u201d\u201d Viewing Experience."
    ],
    "group": ": Personal Computer",
    "item": [
        ": 1920 x 1080 resolution with 16:9 aspect ratio that gives you a \u201c\u201dFull HD\u201d\u201d view",
        ": 250 cd/m2 Brightness for vibrant images.",
        ": VGA, HDMI connectivity for high quality digital video and audio.",
        ": 10,000,000:1 SmartContrast ratio for rich black details in shadow areas."
    ],
    "label": ": Philips",
    "manufacturer": ": Philips",
    "model": ": 246V5LHAB",
    "mpn": ": 246V5LHAB/00",
    "order": ": Personal Computers",
    "part number": ": 246V5LHAB/00",
    "publisher": ": Philips",
    "quantity": ": 1",
    "size": ": 24in L X 17.4in W X 5.1in H",
    "studio": ": Philips",
    "title": ": Philips 246V5LHAB 24-Inch Screen LCD / LED Monitor",
    "total items": ": 1",
    "upc": ": 609585236660"
}