{
    "<page title>": "Dell S2440l 24 Inch Screen Led Lit Monitor - Yikus.com",
    "aspectratio": ": 1.78:1",
    "brand": ": Dell",
    "category": ": MONITOR",
    "ean": ": 0884116091646",
    "feature": [
        ": Contemporary Styling: Always Enjoy A Magnificent View With A Virtually Frameless 24\u2033 Display Featuring Edge-to-edge Glass",
        ": Versatile Connections: Connect To A Laptop Or Desktop With VGA Connectivity. Explore A World Of HD Entertainment Options With An HDMI Port.",
        ": Superb Performance: Images Come Alive With Color-boosting Image Enhance, Ultra-wide Viewing And Full HD Resolution (1920 X 1080 Max.) In A 16:9 Widescreen Format."
    ],
    "group": ": Personal Computer",
    "label": ": Dell Computers",
    "languages": ":",
    "legaldisclaimer": ": Does Not Have Original Box",
    "manufacturer": ": Dell Computers",
    "model": ": C9VNT",
    "mpn": ": S2440L",
    "order": ": Personal Computers",
    "part number": ": S2440L",
    "publisher": ": Dell Computers",
    "quantity": ": 1",
    "studio": ": Dell Computers",
    "title": ": Dell S2440L 24-Inch Screen LED-lit Monitor",
    "total items": ": 1",
    "upc": ": 884116091646"
}