{
    "<page title>": "Hannspree He He225dpb 21.5 Inch Screen Led Lit Monitor - Yikus.com",
    "aspectratio": ": 1.78:1",
    "brand": ": Hannspree",
    "category": ": MONITOR",
    "color": ": VGA + DVI (HDCP) Inputs",
    "ean": ": 0842651002756",
    "feature": [
        ": 40,000,000:1 (Active Contrast)",
        ": 21.5\u2033 Diagonal Widescreen LED Monitor",
        ": Full HD 1080P",
        ": 1920\u00d71080 Resolution",
        ": 5ms Response Time"
    ],
    "group": ": Personal Computer",
    "label": ": Hannspree",
    "manufacturer": ": Hannspree",
    "model": ": HE225DPB",
    "mpn": ": HE225DPB",
    "order": ": Personal Computers",
    "part number": ": HE225DPB",
    "publisher": ": Hannspree",
    "quantity": ": 1",
    "sku": ": 1010939",
    "studio": ": Hannspree",
    "title": ": Hannspree HE HE225DPB 21.5-Inch Screen LED-Lit Monitor",
    "total items": ": 1",
    "upc": ": 887239003725",
    "warranty": ": 30 Days And Manufacturer"
}