{
    "<page title>": "Asus Vs229h P 22 Inch Class 21.5 Led Monitor - Yikus.com",
    "aspectratio": ": 1.78:1",
    "brand": ": Asus",
    "category": ": MONITOR",
    "color": ": Black",
    "ean": ": 0777786242497",
    "feature": [
        ": ASUS SPLENDID Video Intelligence Technology",
        ": Energy Saving LED Backlight With 50,000,000:1 ASUS Smart Contrast Ratio",
        ": Display Type: Wide Screen IPS LCD W/ LED Backlight",
        ": Slim Form Factor",
        ": EPEAT Gold Certified",
        ": Interface: 1x VGA Port, 1x DVI Port, 1x?HDMI Port, 1x 3.5mm Mini-Jack (for HDMI Only)",
        ": Display Area: 21.5\u2033",
        ": Max/Native Resolution: 1920 X 1080",
        ": 178\u00b0 Wide Viewing Angle Powered By IPS"
    ],
    "format": ": CD-ROM",
    "group": ": Personal Computer",
    "label": ": Asus",
    "languages": ":",
    "legaldisclaimer": ": ****Since Items Are Brand New And We Report The Enduser Customer To Company, In Most Cases, We Are Not Able To Accept Returns Unless A Technical Issue Occurs. In That Rare Case The Company Deducts Onl",
    "manufacturer": ": Asus",
    "model": ": VS229H-P",
    "mpn": ": VS229H-P",
    "operatingsystem": ": N/A",
    "order": ": Personal Computers",
    "part number": ": VS229H-P",
    "plus": [
        ": Display Type: Wide Screen IPS LCD w/ LED Backlight",
        ": Display Area: 21.5\u2033",
        ": Max/Native Resolution: 1920 x 1080",
        ": Interface: 1x VGA Port, 1x DVI Port, 1x?HDMI Port, 1x 3.5mm Mini-Jack (for HDMI"
    ],
    "publisher": ": Asus",
    "quantity": ": 1",
    "size": ": 21.5 Inch",
    "sku": ": 12422",
    "studio": ": Asus",
    "title": ": Asus VS229H-P 22-Inch-Class (21.5\u2033) LED Monitor",
    "total items": ": 1",
    "upc": ": 191120109855",
    "warranty": ": 3"
}