{
    "<page title>": "223V5LSB/00 - Philips V-line 223V5LSB LED monitor - Xpcpro.com",
    "ac power in": "Y",
    "aspect ratio": "16:9",
    "backlight type": "W-LED",
    "builtin camera": "N",
    "builtin speakers": "N",
    "cable lock slot": "Kensington",
    "certification": "RoHS, Lead-free, Mercury Free",
    "colour of product": "Black",
    "contrast ratio dynamic": "10000000:1",
    "contrast ratio typical": "1000:1",
    "depth": "50 mm",
    "depth with stand": "213 mm",
    "display": "LED",
    "display brightness": "250 cd/m\u00b2",
    "display diagonal": "21.5 \"",
    "display diagonal metric": "54.6 cm",
    "display number of colours": "16.77 M",
    "display resolution": "1920 x 1080 pixels",
    "display srgb": "Y",
    "display technology": "LCD/TFT",
    "dvi port": "Y",
    "dvid ports quantity": "1",
    "energy efficiency class": "Unspecified",
    "energy star certified": "Y",
    "epeat compliance": "Silver",
    "hd type": "Full HD",
    "height": "316 mm",
    "height with stand": "376 mm",
    "horizontal scan range": "30 - 83 kHz",
    "input frequency": "50/60 Hz",
    "input voltage": "100 - 240 V",
    "led indicators": "Operation, Stand-by",
    "mean time between failures mtbf": "30.000 h",
    "on screen display osd": "Y",
    "on screen display osd languages": "CHI SIMPL, CHI TR, CZE, DEU, DUT, ESP, FIN, FRE, GRE, HUN, ITA, JPN, KOR, POL, POR, RUS, SWE, TUR, UKR",
    "onoff switch": "Y",
    "operating relative humidity hh": "20 - 80 %",
    "operating temperature tt": "0 - 40 \u00b0C",
    "package weight": "3870 g",
    "packaging depth": "107 mm",
    "packaging height": "414 mm",
    "packaging width": "555 mm",
    "pixel pitch": "0.248 x 0.248 mm",
    "plug and play": "Y",
    "power consumption off": "0.5 W",
    "power consumption standby": "0.5 W",
    "power consumption typical": "15.64 W",
    "response time": "5 ms",
    "separate hv sync": "Y",
    "storage temperature tt": "-20 - 60 \u00b0C",
    "syncongreen sog": "Y",
    "thin client installed": "N",
    "tv tuner integrated": "N",
    "vertical scan range": "56 - 76 Hz",
    "vesa mounting interfaces compatibility": "100 x 100 mm",
    "vga dsub ports quantity": "1",
    "viewable size horizontal": "476.64 mm",
    "viewable size vertical": "268.11 mm",
    "viewing angle horizontal": "170 \u00b0",
    "viewing angle vertical": "160 \u00b0",
    "wall mountable": "Y",
    "weight": "2350 g",
    "weight with stand": "2610 g",
    "width": "503 mm",
    "width with stand": "503 mm"
}