{
    "3d compatibility": "No",
    "<page title>": "60003293 - NEC MultiSync EA223WM, LED monitor, - Xpcpro.com",
    "ac power in": "Yes",
    "aspect ratio": "16:10",
    "builtin speakers": "Yes",
    "cable lock slot": "Kensington",
    "cables included": "AC, Audio (3.5mm), DVI, USB, VGA",
    "camera included": "No",
    "certification": "EPEAT Gold; CE; TCO 5.2; T\u00dcV; T\u00dcV GS; GEEA/Energy Label; Energy Star 5.0; FCC B; PCT/Gost; UL/C-UL / CSA; ISO 9241-307; MPR III; RoHS",
    "colour of product": "White",
    "connection to pc": "Yes",
    "contrast ratio dynamic": "25000:1",
    "contrast ratio typical": "1000:1",
    "depth with stand": "218 mm",
    "digital horizontal frequency": "31.5 - 82.3 kHz",
    "digital vertical frequency": "56 - 75 Hz",
    "display": "LED",
    "display brightness": "250 cd/m\u00b2",
    "display diagonal": "558.8 mm (22 \")",
    "display number of colours": "16.77 M",
    "display resolution": "1680 x 1050 pixels",
    "display srgb": "Yes",
    "display technology": "TN+Film",
    "displayports quantity": "1",
    "dvid ports quantity": "1",
    "energy efficiency class": "Unspecified",
    "energy star certified": "Yes",
    "full hd": "No",
    "hdcp": "Yes",
    "hdready": "Yes",
    "height adjustment": "130 mm",
    "height with stand": "384 mm",
    "mac operating systems supported": "Yes",
    "number of loudspeakers": "2 pcs",
    "number of products included": "1 pcs",
    "on screen display osd": "Yes",
    "onoff switch": "Yes",
    "operating relative humidity range": "20 - 80 %",
    "operating temperature range tt": "5 - 35 \u00b0C",
    "pixel pitch": "0.282 x 0.282 mm",
    "plug and play": "Yes",
    "power consumption max": "25 W",
    "power consumption standby": "0.5 W",
    "power consumption typical": "12 W",
    "power led": "Yes",
    "response time": "5 ms",
    "rms rated power": "2 W",
    "supported graphics resolutions": "1024 x 768 (XGA), 1280 x 1024 (SXGA), 1280 x 720 (HD 720), 1280 x 768 (WXGA), 1280 x 960, 1366 \u0445 768, 1400 x 1050 (SXGA+), 1440 x 900 (WXGA+), 1600 x 1200 (UXGA), 1680 x 1050 (WSXGA+), 640 x 480 (VGA), 800 x 600 (SVGA)",
    "swivel": "-170 - 170 \u00b0",
    "thin client installed": "No",
    "tilt angle": "-5 - 30 \u00b0",
    "tv tuner integrated": "No",
    "usb 20 ports quantity": "5",
    "vesa mounting interfaces compatibility": "100 x 100 mm",
    "vga dsub ports quantity": "1",
    "viewing angle horizontal": "170 \u00b0",
    "viewing angle vertical": "160 \u00b0",
    "wall mountable": "Yes",
    "weight with stand": "5600 g",
    "width with stand": "503.5 mm",
    "windows operating systems supported": "Yes"
}