{
    "<page title>": "60002936 - NEC MultiSync EX231W - LED monitor  23\" - Xpcpro.com",
    "aspect ratio": "16:9",
    "builtin speakers": "N",
    "cable lock slot": "Kensington",
    "cables included": "1x DC; 1x USB; 1x AC; 1x DVI-A - VGA;1x DVI-D - DVI-D;",
    "camera included": "N",
    "certification": "EPEAT Gold; CE; ERP; TCO 5.0; T\u00dcV GS; FCC Class B; PCT/Gost; UL/C-UL / CSA; CCC; ISO 9241-307 class I; MPR II/ MPR III",
    "colour of product": "Black",
    "compatible with vesawall mounting system": "100 x 100 mm",
    "contrast ratio dynamic": "25000:1",
    "contrast ratio typical": "1000:1",
    "depth": "47.7 mm",
    "digital horizontal frequency": "31.5 - 82.3 kHz",
    "digital vertical frequency": "56 - 75 Hz",
    "dimensions w x d x h": "540.2 x 47.7 x 318.3 mm",
    "dimensions w x d x h with stand": "540.2 x 215 x 401.3 mm",
    "display": "TNFilm",
    "display brightness": "250 cd/m\u00b2",
    "display diagonal": "23 \"",
    "display resolution": "1920 x 1080 pixels",
    "displayports quantity": "1",
    "dvid ports quantity": "-",
    "dvii ports quantity": "1",
    "hdcp": "N",
    "hdmi ports quantity": "-",
    "height": "318.3 mm",
    "height adjustment": "110",
    "manual": "Y",
    "number of colours": "16.77 M",
    "operating relative humidity range": "20 - 80 %",
    "operating temperature range tt": "5 - 35 \u00b0C",
    "plug and play": "Y",
    "power consumption": "32 W",
    "power consumption standby": "0.38 W",
    "power led": "Y",
    "power requirements": "100-120 V/220-240 V; 0.6 A/0.35 A",
    "response time": "5 ms",
    "standby led": "Y",
    "storage relative humidity range": "10 - 85 %",
    "storage temperature range tt": "-10 - 60 \u00b0C",
    "swivel": "-170 - 170 \u00b0",
    "tilt angle": "-5 - 30 \u00b0",
    "tv tuner integrated": "N",
    "usb 20 ports quantity": "-",
    "vga dsub ports quantity": "-",
    "viewing angle horizontal": "170 \u00b0",
    "viewing angle vertical": "160 \u00b0",
    "weight": "2800 g",
    "weight with stand": "4100 g",
    "width": "540.2 mm"
}