{
    "3d compatibility": "N",
    "<page title>": "24MB35PY-B - LG FLATRON 24MB35PY-B LED 60CM24I - Xpcpro.com",
    "ac adapter included": "Y",
    "aspect ratio": "16:9",
    "builtin camera": "N",
    "builtin speakers": "Y",
    "cable lock slot": "N",
    "cables included": "AC, DVI, USB, VGA",
    "colour of product": "Black",
    "contrast ratio dynamic": "5000000:1",
    "contrast ratio typical": "1000:1",
    "depth": "63.5 mm",
    "depth with stand": "271.7 mm",
    "display": "LED",
    "display brightness": "250 cd/m\u00b2",
    "display diagonal": "23.8 \"",
    "display number of colours": "16.77 M",
    "display resolution": "1920 x 1080 pixels",
    "display surface": "Matt",
    "display technology": "IPS",
    "displayports quantity": "1",
    "dvi port": "N",
    "dvid ports quantity": "1",
    "energy efficiency class": "Unspecified",
    "epeat compliance": "Gold",
    "hd type": "Full HD",
    "hdcp": "Y",
    "hdmi ports quantity": "1",
    "height": "343 mm",
    "height adjustment": "Y",
    "height with stand": "432 mm",
    "input frequency": "50/60 Hz",
    "input voltage": "100 - 240 V",
    "number of loudspeakers": "2",
    "on screen display osd": "Y",
    "onoff switch": "Y",
    "pc audio in": "Y",
    "pivot": "Y",
    "pivot angle": "0 - 90 \u00b0",
    "pixel pitch": "0.275 x 0.275 mm",
    "plug and play": "Y",
    "power consumption off": "0.3 W",
    "power consumption powersave": "19 W",
    "power consumption standby": "0.3 W",
    "power consumption typical": "24 W",
    "power led": "Y",
    "response time": "5 ms",
    "rms rated power": "2 W",
    "standby led": "Y",
    "supported graphics resolutions": "1920 x 1080 HD 1080",
    "thin client installed": "N",
    "tilt adjustment": "Y",
    "tilt angle": "-5 - 20 \u00b0",
    "tv tuner integrated": "N",
    "usb 20 ports quantity": "2",
    "vesa mounting interfaces compatibility": "100 x 100 mm",
    "vga dsub ports quantity": "1",
    "viewing angle horizontal": "178 \u00b0",
    "viewing angle vertical": "178 \u00b0",
    "wall mountable": "Y",
    "weight": "4720 g",
    "weight with stand": "5080 g",
    "width": "569 mm",
    "width with stand": "569 mm"
}