{
    "<page title>": "Apple Studio Display LCD Monitor M7649 718908472613 | eBay",
    "brand": "Apple",
    "condition": "Used: An item that has been used previously. The item may have some signs of cosmetic wear, but is fully\noperational and functions as intended. This item may be a floor model or store return that has been used. See the seller\u00e2\u0080\u0099s listing for full details and description of any imperfections.\nSee all condition definitions- opens in a new window or tab\n... Read moreabout the condition",
    "countryregion of manufacture": "Taiwan",
    "display technology": "LCD",
    "model": "M7649",
    "screen size": "17\"",
    "system": "Desktop"
}