{
    "<page title>": "Asus VS248H P Black 24\" HDMI LED Backlight Widescreen LCD Monitor 610839367924 | eBay",
    "aspect ratio": "16:9",
    "condition": "New: A brand-new, unused, unopened, undamaged item in its original packaging (where packaging is\napplicable). Packaging should be the same as what is found in a retail store, unless the item is handmade or was packaged by the manufacturer in non-retail packaging, such as an unprinted box or plastic bag. See the seller's listing for full details.\nSee all condition definitions- opens in a new window or tab\n... Read moreabout the condition\nBrand:\nASUS",
    "display technology": "LED LCD",
    "max resolution": "1920 x 1080",
    "model": "VS248H-P",
    "mpn": "VS248H-P",
    "response time": "2 ms",
    "screen size": "24\"",
    "screensize": "24.00",
    "upc": "610839367924"
}