{
    "<page title>": "ELO Touch Solutions 1919L 18 5\" LCD Touchscreen Monitor 16 9 5 MS 7411493164156 | eBay",
    "aspect ratio": "16:9",
    "brand name": "Elo Touch Solutions",
    "built-in devices": "Speaker",
    "condition": "New: A brand-new, unused, unopened, undamaged item in its original packaging (where packaging is\napplicable). Packaging should be the same as what is found in a retail store, unless the item is handmade or was packaged by the manufacturer in non-retail packaging, such as an unprinted box or plastic bag. See the seller's listing for full details.\nSee all condition definitions- opens in a new window or tab\n... Read moreabout the condition",
    "height with stand": "12.60\"",
    "manufacturer": "Elo Touch Solutions, Inc",
    "manufacturer part number": "E760102",
    "manufacturer website address": "www.elotouch.com",
    "marketing information": "The 1919L is a wide-screen display that is easier to use and incorporate into more environments than traditional desktop touch monitors. It allows extra content on the screen and is well-suited for corporate environment uses such as spreadsheets, publishing, and dual-window applications.",
    "package contents": "<ul><li>1919L Touchscreen LCD Monitor</li><li>Sta",
    "product model": "1919L",
    "product name": "1919L Touchscreen LCD Monitor",
    "product type": "LCD Touchscreen Monitor",
    "screen mode": "WXGA",
    "speakers": "Yes",
    "vertical viewing angle": "160\u00c2\u00b0",
    "vga": "Yes",
    "weight (approximate)": "10.20 lb"
}