{
    "<page title>": "Asus VS229H P 21 5\" Wide Screen IPS LCD w LED Backlight VGA DVI HDMI Monitor 610839394807 | eBay",
    "aspect ratio": "16:9",
    "brightness": [
        "250 cd/m\u00c2\u00b2\nDisplay Technology:\nLED LCD",
        "250 cd/m2"
    ],
    "color": "Black",
    "condition": "New: A brand-new, unused, unopened, undamaged item in its original packaging (where packaging is\napplicable). Packaging should be the same as what is found in a retail store, unless the item is handmade or was packaged by the manufacturer in non-retail packaging, such as an unprinted box or plastic bag. See the seller's listing for full details.\nSee all condition definitions- opens in a new window or tab\n... Read moreabout the condition\nBrand:\nASUS",
    "contrast ratio": "50000000 :1 (ASCR)",
    "dimensions wxdxh": "514.5 x 200.0 x 385.5 mm",
    "display area": "21.5\"",
    "display colors": "16.7 Millions",
    "display type": "Wide Screen IPS LCD w/ LED Backlight",
    "features": "Headphone Jack",
    "interface": "VGA/ DVI/ HDMI",
    "max. resolution": "1920 x 1080",
    "mfr part number": "VS229H-P",
    "model": "VS229H-P",
    "mpn": "VS229H-P",
    "pixel pitch": "0.248mm",
    "power consumption": "On - < 36W; Power Saving Mode - < 0.5W; Power Off Mode - < 0.5W",
    "response time": [
        "5 ms\nScreen Size:\n21.5\"",
        "5 ms"
    ],
    "speakers": "N/A",
    "system": "Desktop",
    "tilt": "+20~ -5",
    "upc": "610839394807",
    "vesa wall mounting": "100 x 100 mm",
    "video inputs": "DVI-D",
    "viewing angle hv": "178/ 178",
    "weight": "3.1 kg"
}