{
    "<page title>": "Reman Allen Bradley 2711P T12C4A1 A PanelView Plus 1250 Color Touch Ethernet | eBay",
    "brand": "Rockwell Automation / Allen-Bradley",
    "condition": "Manufacturer refurbished: An item that has been professionally restored to working order by a manufacturer or\nmanufacturer-approved vendor. This means the product has been inspected, cleaned, and repaired to meet manufacturer specifications and is in excellent condition. This item may or may not be in the original packaging. See the seller\u00e2\u0080\u0099s listing for full details.\nSee all condition definitions- opens in a new window or tab\n... Read moreabout the condition",
    "description": "Allen-Bradley 2711P-T12C4A1 PanelView Plus 1250 Color Terminal 12.1 inch, Touch Screen, Standard Communication (Ethernet and RS-232), 64 MB Flash, 64 MB RAM, AC power, Series A",
    "manufacturer": "Rockwell Automation",
    "mfr part number": "2711P-T12C4A1/A",
    "miscellaneous": "The Allen-Bradley 2711P-T12C4A1 PanelView Plus uses additional modular components allowing for flexible configuration, installation, and upgrades. The field replaceable 12.1-inch flat-panel color displays come with keypad, analog touch screen, or keypad/touch screen input. To meet more stringent environmental conditions, high-bright, conformal-coated, and marine certified display modules are also available.",
    "model": "PanelView Plus 1250 Color Terminal",
    "mpn": "2711P-T12C4A1 /A",
    "screen size": "12.1 inch",
    "specifications": "Display Description: Color Active Matrix TFT; Display Size: 12.1 inch; Resolution: 800 x 600 18-bit Color Graphics; Touch Screen Description: Analog resistive; Communication Ports: Ethernet, RS-232, 2 USB; Input Voltage, AC: 85-264V AC, 47-63 Hz."
}