{
    "<page title>": "AOC E1649FWU 16\" USB Powered Portable LED Monitor Glossy Black Brand New | eBay",
    "aspect ratio": "16:9",
    "brightness": "200 cd/m\u00c2\u00b2",
    "condition": "New: A brand-new, unused, unopened, undamaged item in its original packaging (where packaging is\napplicable). Packaging should be the same as what is found in a retail store, unless the item is handmade or was packaged by the manufacturer in non-retail packaging, such as an unprinted box or plastic bag. See the seller's listing for full details.\nSee all condition definitions- opens in a new window or tab\n... Read moreabout the condition\nBrand:\nAOC",
    "contrast ratio": "500",
    "display technology": "LED LCD",
    "features": "USB Hub",
    "max. resolution": "1366 x 768",
    "model": "e1649fwu",
    "mpn": "E1649FWU",
    "response time": "16 ms",
    "screen size": "15.6\"",
    "system": "Portable",
    "upc": "6854170374836",
    "video inputs": "USB"
}