{
    "<page title>": "Asus VN289H 28\" LED LCD Monitor 16 9 5 MS | eBay",
    "adjustable display angle": "Yes",
    "aspect ratio": "16:9",
    "audio": "Number of Speakers 2",
    "backlight technology": "LED",
    "brand name": "Asus",
    "certifications  standards": "BSMI CB CCC CE C-Tick CU FCC PSE UL/cUL VCCI WHQL",
    "color": "Black",
    "color supported": "16.7 Million Colors",
    "contrast ratio": "80,000,000:1",
    "depth": "8.3\"",
    "features": "Eye-Care\nFlicker-free\nGame Mode\nTrace Free Technology\nMobile High-Definition Link (MHL)\nQuickFit\nReading Mode\nSecurity Lock\nSplendid Video Intelligence Technology\nVividPixel Technology",
    "general information": "Marketing Information 178\u00c2\u00b0 Ultra Wide View with eye-care function New Flicker-Free technology by DC adjustment backlighting, which clear the annoying flicker and brings comfort viewing experience. Effectively reducing blue light, we adopt new user modes for visual pleasure. Best for work and play with Full HD 1080p visual quality and 178\u00c2\u00b0 ultra wide viewing angle VA panel ASUS VividPixel Technology for crystal-clear and detail-oriented enjoyment MHL (Mobile High-Definition Link) function for Enhanced Viewing from Mobile to Monitor",
    "green compliance certificateauthority": "WEEE\nChina Energy Label (CEL)\nENERGY STAR 6.0\nErP\nMEPS\nRoHS\nTCO Certified Displays 6.0",
    "hdcp supported": "Yes",
    "hdmi": "Yes",
    "headphone": "Yes",
    "horizontal viewing angle": "178\u00c2\u00b0",
    "interfacesports": "VGA Yes",
    "manufacturer": "ASUS Computer International",
    "manufacturer part number": "VN289H",
    "maximum resolution": "1920 x 1080",
    "miscellaneous": "Green Compliant Yes",
    "mount type": "Wall Mountable",
    "number of screens": "1",
    "offmode power consumption": "500 mW",
    "package contents": "VN289H Widescreen LCD Monitor VGA Cable Audio Cable Power Cord Quick Start Guide Warranty Card",
    "panel technology": "Vertical Alignment (VA)",
    "physical characteristics": "Height 17.7\"",
    "platform supported": "PC",
    "power description": "Operating Power Consumption 35 W",
    "product model": "VN289H",
    "product name": "VN289H Widescreen LCD Monitor",
    "product type": "LCD Monitor",
    "response time": "5 ms",
    "screen mode": "Full HD",
    "speakers": "Yes",
    "standard refresh rate": "75 Hz",
    "standby power consumption": "500 mW",
    "technical information": "Screen Size 28\"",
    "tilt angle": "-5\u00c2\u00b0to22\u00c2\u00b0",
    "vertical viewing angle": "178\u00c2\u00b0",
    "vesa mount compatible": "Yes",
    "vesa mount standard": "100 x 100",
    "video": "Brightness 300 Nit",
    "weight approximate": "11.46 lb",
    "width": "26\""
}