{
    "<page title>": "Dell S2340M 23\" 1920x1080 LED Monitor 884116096993 | eBay",
    "aspect ratio": "16:9",
    "brightness": "250 CD/M2",
    "condition": "New: A brand-new, unused, unopened, undamaged item in its original packaging (where packaging is\napplicable). Packaging should be the same as what is found in a retail store, unless the item is handmade or was packaged by the manufacturer in non-retail packaging, such as an unprinted box or plastic bag. See the seller's listing for full details.\nSee all condition definitions- opens in a new window or tab\n... Read moreabout the condition\nScreen Size (In.):\n21.5\"",
    "dimensions whd": "19.65\" X 14.97\" X 6.92\"",
    "display colors": "16.78M",
    "display type": "LED",
    "interface type": "VGA, DVI",
    "maximum resolution": "1920 X 1080",
    "native contrast ratio": "1,000:1",
    "response time": "7ms",
    "return policy": "before ordering",
    "viewing angle (horizontal/vertical)": "178/178",
    "warranty": "1 YEAR LIMITED HARDWARE",
    "weight lbs": "8.13 LBS"
}