{
    "<page title>": "Asus VK228H CSM 21 5 LED LCD Monitor 16 9 5 MS Adjustable Display Angle 886227096572 | eBay",
    "adjustable display angle": "Yes",
    "aspect ratio": "16:9, 4:3",
    "audio": "Number of Speakers 2",
    "backlight technology": "LED",
    "brand name": "Asus",
    "builtin devices": "Built-in Devices Speaker\nWebcam",
    "certifications  standards": "UL/cULCBCEFCCCCCBSMIGost-RC-TickVCCIWHQL",
    "color": "Black",
    "color supported": "16.7 Million Colors",
    "condition": "New: A brand-new, unused, unopened, undamaged item in its original packaging (where packaging is\napplicable). Packaging should be the same as what is found in a retail store, unless the item is handmade or was packaged by the manufacturer in non-retail packaging, such as an unprinted box or plastic bag. See the seller's listing for full details.\nSee all condition definitions- opens in a new window or tab\n... Read moreabout the condition\nBrand:\nASUS",
    "contrast ratio": "80,000,000:1",
    "depth": "1.9\"",
    "depth with stand": "7.90\"",
    "dvi": "Yes",
    "features": "Security Lock\nSplendid Video Intelligence Technology",
    "general information": "Marketing Information True-to-life Pictures Powered by LED\n80,000,000:1 ASUS Smart Contrast Ratio\nDynamically enhances the display's contrast by adjusting the luminance of the backlight to achieve the darkest black and brightest white - delivering lifelike images.Splendid\u00e2\u0084\u00a2 Video Intelligence Technology\nThe exclusive Splendid Video Intelligence Technology optimizes video performance and image fidelity by enhancing color, brightness, contrast, and sharpness. 6 preset video modes (Scenery, Theater, Game, Night View, sRGB and Standard) can be selected via a hotkey.",
    "green compliance certificateauthority": "J-Moss (Japanese RoHS)\nWEEE\nENERGY STAR\nEPEAT Gold\nErP\nRoHS\nTCO Certified Displays 5.2",
    "hdcp supported": "Yes",
    "hdmi": "Yes",
    "headphone": "Yes",
    "height": "15.2\"",
    "horizontal viewing angle": "170\u00c2\u00b0",
    "input voltage": "110 V AC\n220 V AC",
    "interfacesports": "VGA Yes",
    "manufacturer": "ASUS Computer International",
    "manufacturer part number": "VK228H-CSM",
    "max resolution": "1920 x 1080",
    "maximum resolution": "1920 x 1080",
    "miscellaneous": "Green Compliant Yes",
    "model": "VK228H-CSM",
    "mount type": "Wall Mountable",
    "mpn": "VK228H-CSM",
    "number of screens": "1",
    "offmode power consumption": "500 mW",
    "package contents": "VK228H-CSM Widescreen LCD MonitorDVI CableVGA CableAudio CablePower CordUSB CableQuick Start GuideSupport CDWarranty Card",
    "physical characteristics": "Height with Stand 15.24\"",
    "platform supported": "PC",
    "power description": "Operating Power Consumption 25 W",
    "product model": "VK228H-CSM",
    "product name": "VK228H-CSM Widescreen LCD Monitor",
    "product series": "VK",
    "product type": "LCD Monitor",
    "response time": "5 ms",
    "screen mode": "Full HD",
    "screen size": "21.5\"",
    "speakers": "Yes",
    "standard refresh rate": "76 Hz",
    "standby power consumption": "500 mW",
    "technical information": "Screen Size 21.5\"",
    "upc": "886227096572",
    "usb": "Yes",
    "vertical viewing angle": "160\u00c2\u00b0",
    "vesa mount compatible": "Yes",
    "vesa mount standard": "100 x 100",
    "video": "Brightness 250 Nit",
    "video inputs": "DVI-D",
    "weight approximate": "6.83 lb",
    "width": "20.2\"",
    "width with stand": "20.24\""
}