{
    "<page title>": "Asus VS278Q P 27\" LED Monitor 1 MS 1080p 80M 1 HDMI Built in Speakers Til 711212442273 | eBay",
    "aspect ratio": "16:9",
    "condition": "New: A brand-new, unused, unopened, undamaged item in its original packaging (where packaging is\napplicable). Packaging should be the same as what is found in a retail store, unless the item is handmade or was packaged by the manufacturer in non-retail packaging, such as an unprinted box or plastic bag. See the seller's listing for full details.\nSee all condition definitions- opens in a new window or tab\n... Read moreabout the condition\nBrand:\nASUS",
    "display technology": "LED LCD",
    "max resolution": "1920 x 1080",
    "model": "VS278Q-P",
    "mpn": "VS278Q-P",
    "response time": "27 ms",
    "screen size": "27\"",
    "upc": "711212442273"
}