{
    "<page title>": "Apple 20\" HD LCD Cinema Display Monitor A1081 0718908806999 | eBay",
    "brand": "Apple",
    "condition": "Used: An item that has been used previously. The item may have some signs of cosmetic wear, but is fully\noperational and functions as intended. This item may be a floor model or store return that has been used. See the seller\u00e2\u0080\u0099s listing for full details and description of any imperfections.\nSee all condition definitions- opens in a new window or tab\n... Read moreabout the condition",
    "display technology": "LCD",
    "features": "Firewire 400 Ports, USB Hub",
    "screen size": "20\""
}