{
    "<page title>": "Samsung S22C200B 22\" LED Monitor 1920x1080 DVI VGA Fast Response 5ms 887276007748 | eBay",
    "aspect ratio": "16:9",
    "brightness": "250 cd/m\u00c2\u00b2",
    "condition": "Manufacturer refurbished: An item that has been professionally restored to working order by a manufacturer or\nmanufacturer-approved vendor. This means the product has been inspected, cleaned, and repaired to meet manufacturer specifications and is in excellent condition. This item may or may not be in the original packaging. See the seller\u00e2\u0080\u0099s listing for full details.\nSee all condition definitions- opens in a new window or tab\n... Read moreabout the condition\nBrand:\nSamsung",
    "connections": "VGADVI-D",
    "contrast ratio": [
        "1000\nModel:\nSC200",
        "5,000,000:1 Dynamic 1,000:1 Typical"
    ],
    "dimensions": "With Stand: 19.9 x 15.2 x 7.3' / 504.3 x 385.35 x 185 mm",
    "input video signal": "Analog RGB,Digital",
    "max. resolution": "1920 x 1080",
    "maximum colors": "16.7 Million",
    "maximum resolution": "1920x1080",
    "multimedia speakers": "No",
    "on mode": "24W",
    "other features": "Eco SavingSamsung MagicAngleSamsung MagicBright 3Off Timer",
    "plug  play": "DDC 2B",
    "response time": [
        "5 ms",
        "22 ms\nMPN:\nS22C200B"
    ],
    "screen size": [
        "22 (diagonal) widescreen display",
        "21.5\"\nDisplay Technology:\nLED LCD"
    ],
    "stand": "Tilt",
    "standby": "< 0.3Watts",
    "sync type": "Separate H/V, Composite, SOG",
    "upc": "887276007748",
    "video inputs": "DVI, VGA D-Sub",
    "viewing angle horizontalvertical": "170/160",
    "wall mountable": "Yes - 100mm x 100mm VESA Mount Compatible (Mount Sold Separately)",
    "weight": "With Stand: 7.5 lb / 3.4 kg",
    "whats in the box": "Samsung S22C200B Monitor, Stand, VGA and Power Cables"
}