{
    "<page title>": "HP W1907 19 034 Widescreen LCD Monitor with Built in Speakers Power Cord Amp Cable | eBay",
    "aspect ratio": "16:10, 16:9",
    "brand": "HP",
    "brightness": "300 cd/m\u00c2\u00b2",
    "contrast ratio": "1000",
    "display technology": "LCD",
    "features": "Built-In Speakers",
    "max resolution": "1440 x 900",
    "model": "W1907",
    "mpn": "RK283AA#ABA",
    "response time": "5 ms",
    "screen size": "19\"",
    "system": "Desktop",
    "upc": "882780774636",
    "video inputs": "DVI-D"
}