{
    "<page title>": "Asus VG278HE 27\" 3D Ready LCD Monitor 16 9 2 MS 886227206193 | eBay",
    "aspect ratio": "16:9",
    "condition": "New: A brand-new, unused, unopened, undamaged item in its original packaging (where packaging is\napplicable). Packaging should be the same as what is found in a retail store, unless the item is handmade or was packaged by the manufacturer in non-retail packaging, such as an unprinted box or plastic bag. See the seller's listing for full details.\nSee all condition definitions- opens in a new window or tab\n... Read moreabout the condition\nBrand:\nASUS",
    "display technology": "LCD",
    "max resolution": "1920 x 1080",
    "model": "VG278HE",
    "mpn": "90LME6001T510N1C",
    "response time": "4 ms",
    "screen size": "27\"",
    "upc": "886227206193"
}