{
    "<page title>": "Dell S2340M Black 23\" 7MS Widescreen LED Backlight LCD Monitor IPS New 884116096993 | eBay",
    "aspect ratio": "16:9",
    "brightness": "250 cd/m\u00c2\u00b2",
    "condition": "New: A brand-new, unused, unopened, undamaged item in its original packaging (where packaging is\napplicable). Packaging should be the same as what is found in a retail store, unless the item is handmade or was packaged by the manufacturer in non-retail packaging, such as an unprinted box or plastic bag. See the seller's listing for full details.\nSee all condition definitions- opens in a new window or tab\n... Read moreabout the condition\nBrand:\nDell",
    "contrast ratio": "1000",
    "display technology": "LED LCD",
    "max. resolution": "1920 x 1080",
    "model": "S2340M",
    "mpn": "391-10025",
    "response time": "7 ms",
    "screen size": "23\"",
    "system": "Desktop",
    "upc": "884116096993",
    "video inputs": "DVI-D"
}