{
    "<page title>": "Dell E2014H LED 19 5\" Monitor E134 | eBay",
    "brand": "Dell",
    "condition": "Used: An item that has been used previously. The item may have some signs of cosmetic wear, but is fully\noperational and functions as intended. This item may be a floor model or store return that has been used. See the seller\u00e2\u0080\u0099s listing for full details and description of any imperfections.\nSee all condition definitions- opens in a new window or tab\n... Read moreabout the condition",
    "display technology": "LED",
    "model": "E2014H",
    "mpn": "E2014H",
    "screen size": "19.5\""
}