{
    "<page title>": "Acer V226HQL 21 5\" LED LCD Monitor 16 9 8 MS UM WV6AA A01 886541985941 | eBay",
    "additional mpn": "UM.WV6AA.A01",
    "adjustable display angle": "Yes",
    "adjustable display height": "No",
    "adjustable display pivot": "No",
    "aspect ratio": "16:9",
    "backlight technology": "LED",
    "brand": "Acer",
    "brand name": "Acer",
    "color": "Black",
    "color supported": "16.7 Million Colors",
    "condition": "New: A brand-new, unused, unopened, undamaged item in its original packaging (where packaging is\napplicable). Packaging should be the same as what is found in a retail store, unless the item is handmade or was packaged by the manufacturer in non-retail packaging, such as an unprinted box or plastic bag. See the seller's listing for full details.\nSee all condition definitions- opens in a new window or tab\n... Read moreabout the condition\nBrand:\nAcer",
    "contrast ratio": "100000000",
    "depth": "8.1\"",
    "display technology": "LED LCD",
    "dvi": "Yes",
    "general information": "Product Name V226HQL Widescreen LCD Monitor",
    "green compliance certificateauthority": "ENERGY STAR\nTCO '06",
    "hdcp supported": "Yes",
    "height": "15.4\"",
    "horizontal viewing angle": "178\u00c2\u00b0",
    "input voltage": "110 V AC\n220 V AC",
    "interfacesports": "VGA Yes",
    "manufacturer": "Acer, Inc",
    "manufacturer part number": "UM.WV6AA.A01",
    "max resolution": "1920 x 1080",
    "maximum resolution": [
        "1920 x 1080",
        "1920 x 1080"
    ],
    "miscellaneous": "Green Compliant Yes",
    "model": "V226HQL",
    "mpn": "UM.WV6AA.A01",
    "number of screens": "1",
    "offmode power consumption": "250 mW",
    "package contents": "V226HQL Widescreen LCD MonitorPower Cord1 x DVI Cable1 x VGA Cable",
    "panel technology": "Vertical Alignment (VA)",
    "physical characteristics": "Weight with Stand (Approximate) 8.06 lb",
    "power description": "Operating Power Consumption 19.50 W",
    "product information": "LED monitor - 21.5 - 1920 x 1080 FullHD - 250 cd/m2 - 100000000:1 (dynamic) - 8 ms - DVI, VGA - black Essential Series monitors feature Acer eColor technology for striking visuals, and Acer ComfyView innovations that reduce glare to deliver most-comfortable viewing. These sturdy monitors also have a wide array of ports, so you can connect many types of devices and do more at once. In addition, they utilize eco-friendly features to save power and money. Display Type - LED-backlit LCD monitor / TFT active matrixDiagonal Size - 21.5Aspect Ratio - WidescreenNative Resolution - FullHD 1920 x 1080Brightness - 250 cd/m2Contrast Ratio - 100000000:1 (dynamic)Color Support - 16.7 million colorsResponse Time - 8 msHorizontal Viewing Angle - 178Vertical Viewing Angle - 178Backlight Technology - LED backlightColor - BlackDimensions (WxDxH) - 20 in x 8.1 in x 15.4 in - with standWeight - 8.1 lbsInterfaces - VGA DVI ( HDCP )Display Position Adjustments - TiltFlat Panel Mount Interface - 100 x 100 mmCompliant Standards - TCO '06Dimensions & Weight Details - Without stand - weight: 7.\nProduct Identifiers BrandAcer ModelV226HQL UPC886541985941 Additional MPNUM.WV6AA.A01\nKey Features Product LineAcer V Display TechnologyLED LCD Maximum Resolution1920 x 1080 Aspect Ratio16:9 Contrast Ratio100000000:1",
    "product line": "Acer V",
    "product model": "V226HQL",
    "product series": "V",
    "product type": "LCD Monitor",
    "response time": "8 ms",
    "screen mode": "Full HD",
    "screen surface": "Anti-glare",
    "standard refresh rate": "60 Hz",
    "standby power consumption": "350 mW",
    "technical information": "Screen Size 21.5\"",
    "upc": "886541985941",
    "vertical viewing angle": "178\u00c2\u00b0",
    "video": "Brightness 250 Nit",
    "weight approximate": "7.14 lb",
    "width": "20\""
}