{
    "<page title>": "HP HP W1907 19\" Widescreen LCD Monitor with Built in Speakers 882780774636 | eBay",
    "aspect ratio": "16:10, 16:9",
    "brightness": "300 cd/m\u00c2\u00b2",
    "condition": "Used: An item that has been used previously. The item may have some signs of cosmetic wear, but is fully\noperational and functions as intended. This item may be a floor model or store return that has been used. See the seller\u00e2\u0080\u0099s listing for full details and description of any imperfections.\nSee all condition definitions- opens in a new window or tab\n... Read moreabout the condition\nBrand:\nHP",
    "contrast ratio": "1000",
    "display technology": "LCD",
    "features": "Built-In Speakers",
    "max. resolution": "1440 x 900",
    "model": "W1907",
    "mpn": "RK283AA#ABA",
    "response time": "5 ms",
    "screen size": "19\"",
    "system": "Desktop",
    "upc": "882780774636",
    "video inputs": "DVI-D"
}