{
    "<page title>": "AOC E2260SWDA 21 5\" Slim Design 16 9 LED LCD Monitor 1920 x 1080 5ms DVI VGA 685417049585 | eBay",
    "aspect ratio": "16:9",
    "brightness": "250 cd/m\u00c2\u00b2",
    "condition": "New: A brand-new, unused, unopened, undamaged item in its original packaging (where packaging is\napplicable). Packaging should be the same as what is found in a retail store, unless the item is handmade or was packaged by the manufacturer in non-retail packaging, such as an unprinted box or plastic bag. See the seller's listing for full details.\nSee all condition definitions- opens in a new window or tab\n... Read moreabout the condition\nBrand:\nAOC",
    "contrast ratio": "20000000:1",
    "display technology": "LED LCD",
    "max. resolution": "1920 x 1080",
    "mpn": "e2260Swda",
    "response time": "22 ms",
    "screen size": "21.5\"",
    "upc": "685417049585"
}