{
    "<page title>": "Dell S2440L 24 inch Screen LED Lit Monitor New 5397063171347 | eBay",
    "aspect ratio": "16:9",
    "brightness": "250 cd/m\u00c2\u00b2",
    "condition": "New: A brand-new, unused, unopened, undamaged item in its original packaging (where packaging is\napplicable). Packaging should be the same as what is found in a retail store, unless the item is handmade or was packaged by the manufacturer in non-retail packaging, such as an unprinted box or plastic bag. See the seller's listing for full details.\nSee all condition definitions- opens in a new window or tab\n... Read moreabout the condition\nBrand:\nDell",
    "contemporary styling": "Always enjoy a magnificent view with a virtually frameless 24\" display featuring edge-to-edge glass.",
    "contrast ratio": "5000",
    "customizable color": "Dell Display Manager helps keep you productive with fast access to software such as Auto Mode, which enables you to select your preferred color mode for each application.",
    "display technology": "LED LCD",
    "full hd resolution": "Watch images come alive in cinematic quality with Full HD resolution (1920 x 1080 max.) in a 16:9 widesn format.",
    "max. resolution": "1920 x 1080",
    "model": "S2440L",
    "mpn": "320-9801",
    "response time": "6 ms",
    "screen size": "24\"",
    "stunning clarity": "Savor razor-sharp detail in games, movies and photos with color-boosting Image Enhance. Vivid clarity shines with a mega-dynamic contrast ratio of 8 million:1 (typical) and an 89-percent color gamut.",
    "superb performance": "Images come alive with color-boosting Image Enhance, ultra-wide viewing and Full HD resolution (1920 x 1080 max.) in a 16:9 widesn format.",
    "system": "Desktop",
    "upc": "884116091646",
    "versatile connections": "Connect to a laptop or desktop with VGA connectivity. Explore a world of HD entertainment options with an HDMI port."
}