{
    "<page title>": "3M Microtouch M150 Touch Screen Monitor 15 Capacitive Black 11 81375 225 | eBay",
    "brand name": "3M",
    "brightness": "250 Nit",
    "color supported": "16.7 Million Colors (24-bit)",
    "contrast ratio": "350:1",
    "depth with stand": "10.20\"",
    "height with stand": "15.70\"",
    "interfacesports": "USB Yes",
    "manufacturer": "3M",
    "manufacturer part number": "11-81375-225",
    "miscellaneous": "Platform Supported PC",
    "physical characteristics": "Color Black",
    "power description": "Input Voltage 12 V DC",
    "product line": "MicroTouch",
    "product model": "M150",
    "product name": "MicroTouch M150 Touch Screen Monitor",
    "product type": "LCD Touchscreen Monitor",
    "response time": "16 ms",
    "screen mode": "XGA",
    "technical information": "Screen Size 15\"",
    "touchscreen information": "Touchscreen Yes",
    "touchscreen type": "Capacitive",
    "video": "Maximum Resolution 1024 x 768",
    "warranty": "Limited Warranty 3 Year",
    "weight approximate": "16.31 lb",
    "width with stand": "16.10\""
}