{
    "<page title>": "Acer V226WL 22\" LED LCD Monitor 16 10 5 MS SKU V226WLBMD 887899007262 | eBay",
    "aspect ratio": "16:10",
    "backlight technology": "LED",
    "condition": "New: A brand-new, unused, unopened, undamaged item in its original packaging (where packaging is\napplicable). Packaging should be the same as what is found in a retail store, unless the item is handmade or was packaged by the manufacturer in non-retail packaging, such as an unprinted box or plastic bag. See the seller's listing for full details.\nSee all condition definitions- opens in a new window or tab\n... Read moreabout the condition",
    "depth": "8.2\"",
    "green compliance certificateauthority": "EPEAT Gold",
    "manufacturer": "Acer, Inc",
    "number of screens": "1",
    "package contents": "<ul><li>V226WL Widescreen LCD Monitor</li><li>1 x",
    "product name": "V226WL Widescreen LCD Monitor",
    "product type": "LCD Monitor",
    "screen mode": "WSXGA+",
    "speakers": "Yes",
    "standby power consumption": "450 mW",
    "vertical viewing angle": "160\u00c2\u00b0",
    "vga": "Yes",
    "weight (approximate)": "6.81 lb"
}