{
    "<page title>": "HP L1710 17\" LCD Monitor Quantity 2 | eBay",
    "aspect ratio": "5:4",
    "brightness": "300 cd/m\u00c2\u00b2",
    "condition": "Used: An item that has been used previously. The item may have some signs of cosmetic wear, but is fully\noperational and functions as intended. This item may be a floor model or store return that has been used. See the seller\u00e2\u0080\u0099s listing for full details and description of any imperfections.\nSee all condition definitions- opens in a new window or tab\n... Read moreabout the condition\nBrand:\nHP",
    "contrast ratio": "800",
    "countryregion of manufacture": "United States",
    "display technology": "LCD",
    "max. resolution": "1280 x 1024",
    "model": "L1710",
    "mpn": "GS917AA#ABA",
    "response time": "5 ms",
    "screen size": "17\"",
    "system": "Desktop",
    "video inputs": "VGA D-Sub"
}