{
    "<page title>": "Qnix QX2710 LED Evolution ll Matte 27\" Samsung 2560x1440 PLS DVI PC Monitor | eBay",
    "aspect ratio": "16:9",
    "brand": "QNIX",
    "brightness": "300 cd/m\u00c2\u00b2",
    "condition": "New: A brand-new, unused, unopened, undamaged item in its original packaging (where packaging is\napplicable). Packaging should be the same as what is found in a retail store, unless the item is handmade or was packaged by the manufacturer in non-retail packaging, such as an unprinted box or plastic bag. See the seller's listing for full details.\nSee all condition definitions- opens in a new window or tab\n... Read moreabout the condition",
    "contrast ratio": "1000:1",
    "display technology": "LED LCD",
    "max resolution": "2560 x 1440",
    "model": "QX2710 LED Evolution ll [Matte]",
    "response time": "8 ms",
    "screen size": "27\"",
    "video inputs": "DVI-D(Dual Link), D-sub, DisplayPort, HDMI Standard"
}