{
    "<page title>": "Dell 23\" Touchscreen LED Back Lit Monitor P2314T | eBay",
    "engaging touch experience": "Use both hands and the responsive 10-point touch capability to quickly and smoothly navigate across the edge-to-edge glass of your P2314T. The ergonomic stand offers optimal application and game control, as well as viewing comfort.",
    "includes": "90-day warranty",
    "outstanding connectivity": "VGA, USB, DP and HDMI ports plus MHL connectivity allows direct display of smartphone/tablet content on the touch monitor while charging your mobile device at the same time.",
    "peace of mind": "Your P2314T is backed by Dell's zero bright dot pixel policy with Premium Panel Guarantee and 3-Year Advanced Exchange Service for fast problem diagnoses and product replacement."
}