{
    "<page title>": "Asus VK VK228H CSM 21 5\" Widescreen LED LCD Monitor Built in Speakers 886227096572 | eBay",
    "aspect ratio": "16:9, 4:3",
    "condition": "Used: An item that has been used previously. The item may have some signs of cosmetic wear, but is fully\noperational and functions as intended. This item may be a floor model or store return that has been used. See the seller\u00e2\u0080\u0099s listing for full details and description of any imperfections.\nSee all condition definitions- opens in a new window or tab\n... Read moreabout the condition\nBrand:\nASUS",
    "display technology": "LED LCD",
    "max resolution": "1920 x 1080",
    "model": "VK228H-CSM",
    "mpn": "VK228H-CSM",
    "response time": "5 ms",
    "screen size": "21.5\"",
    "upc": "886227096572",
    "video inputs": "DVI-D"
}