{
    "<page title>": "Asus VS278Q P 27\" LED LCD Monitor 16 9 1 MS 711212442273 | eBay",
    "adjustable display angle": "Yes",
    "aspect ratio": "16:9",
    "backlight technology": "LED",
    "brand name": "Asus",
    "built-in devices": "Speaker",
    "certifications  standards": "<ul><li>UL/cUL</li><li>CB</li><li>CE</li><li>FCC<",
    "condition": "New: A brand-new, unused, unopened, undamaged item in its original packaging (where packaging is\napplicable). Packaging should be the same as what is found in a retail store, unless the item is handmade or was packaged by the manufacturer in non-retail packaging, such as an unprinted box or plastic bag. See the seller's listing for full details.\nSee all condition definitions- opens in a new window or tab\n... Read moreabout the condition",
    "features": [
        "Security Lock",
        "Trace Free Technology",
        "Splendid Video Intelligence Technology"
    ],
    "hdcp supported": "Yes",
    "horizontal viewing angle": "170\u00c2\u00b0",
    "manufacturer": "ASUS Computer International",
    "manufacturer part number": "VS278Q-P",
    "manufacturer website address": "usa.asus.com",
    "marketing information": "Superior Image Quality Meets Classic Elegant DesignDelicate touches make a monitor truly great, VS278Q Full HD LED monitor, with extremely quick 1ms response time, 80,000,000:1 high contrast ratio, DisplayPort and dual HDMI interfaces, is optimized for the finest image and color quality. This approach extends to the sturdy stand and slim profile without compromising style in ensuring stability and durability.",
    "mount type": "Wall Mountable",
    "number of screens": "1",
    "product model": "VS278Q-P",
    "product name": "VS278Q-P Widescreen LCD Monitor",
    "product series": "VS",
    "product type": "LCD Monitor",
    "response time": "1 ms",
    "screen mode": "Full HD",
    "screen size": "27\"",
    "speakers": "Yes",
    "vertical viewing angle": "160\u00c2\u00b0",
    "weight (approximate)": "11.24 lb"
}