{
    "<page title>": "AOC International AOC E960SRDA 19\" LED LCD Monitor 5 4 685417060085 | eBay",
    "adjustable display angle": "Yes",
    "aspect ratio": "5:4",
    "audio": "Speakers Yes",
    "brand name": "AOC",
    "builtin devices": "Built-in Devices Speaker",
    "dvi": "Yes",
    "general information": "Marketing Information AOC has a product for every user and every application. All AOC displays offer sophisticated features at affordable prices. The product line includes: LCDs: Slim, stylish, power-conscious displays with large viewable areas. Essential for environments where space is a consideration. Flat Face CRTs: Displays with precise resolution that enhance on-screen detail and minimize distortion. Perfect for rich visual content. CRTs: Price-conscious displays backed by proven technology. Ideal for task oriented computing.",
    "green compliance certificateauthority": "EPEAT Gold\nRoHS\nENERGY STAR",
    "interfacesports": "VGA Yes",
    "manufacturer": "AOC",
    "manufacturer part number": "E960SRDA",
    "miscellaneous": "Green Compliant Yes",
    "number of screens": "1",
    "physical characteristics": "Color Black",
    "platform supported": "PC",
    "product model": "E960SRDA",
    "product name": "E960SRDA LCD Monitor",
    "product type": "LCD Monitor",
    "screen mode": "SXGA",
    "screen size": "19\"",
    "technical information": "Backlight Technology LED",
    "video": "Maximum Resolution 1280 x 1024"
}