{
    "<page title>": "Combo Dell E178FPC 17\" LCD Dell Optiplex 755 Dcne PDC 1 8GHz 160GB HDD w Kybrd | eBay",
    "aspect ratio": "5:4",
    "brand": "Dell",
    "brightness": "300 cd/m\u00c2\u00b2",
    "contrast ratio": "800:1",
    "display technology": "LCD",
    "max resolution": "1280 x 1024",
    "model": "755 DCNE",
    "mpn": "E178FPC",
    "operating system": "Not Included",
    "processor type": "Intel Pentium D",
    "product line": "Optiplex",
    "response time": "5 ms",
    "screen size": "17\"",
    "system": "Desktop",
    "video inputs": "VGA D-Sub"
}