{
    "<page title>": "Hewlett Packard HP Business E241I 24 LED LCD Monitor 16 10 8 MS F0W81A8 ABA | eBay",
    "adjustable display angle": "Yes",
    "adjustable display height": "Yes",
    "adjustable display pivot": "Yes",
    "aspect ratio": "16:10",
    "backlight technology": "LED",
    "brand name": "HP",
    "builtin devices": "Built-in Devices USB Hub",
    "color": "Silver",
    "contrast ratio": "5,000,000:1",
    "depth": "2.2\"",
    "depth with stand": "10.87\"",
    "displayport": "Yes",
    "dvi": "Yes",
    "features": "Security Lock",
    "general information": "Marketing Information IPS goes mainstream with the HP EliteDisplay E241i 61 cm (24'') IPS LED Backlit Monitor, a business-class combination of a large screen, extra-wide viewing angles, and extraordinary comfort.",
    "green compliance certificateauthority": "EPEAT Gold\nTCO Certified Displays\nENERGY STAR\nREACH",
    "hdcp supported": "Yes",
    "height": "14.3\"",
    "horizontal viewing angle": "178\u00c2\u00b0",
    "input voltage": "110 V AC\n220 V AC",
    "interfacesports": "VGA Yes",
    "manufacturer": "Hewlett-Packard",
    "manufacturer part number": "F0W81A8#ABA",
    "maximum resolution": "1920 x 1200",
    "miscellaneous": "Green Compliant Yes",
    "number of screens": "1",
    "offmode power consumption": "500 mW",
    "panel technology": "In-plane Switching (IPS) Technology",
    "physical characteristics": "Height with Stand 20.34\"",
    "power description": "Operating Power Consumption 40 W",
    "product line": "Business",
    "product model": "E241i",
    "product name": "Business E241i Widescreen LCD Monitor",
    "product type": "LCD Monitor",
    "response time": "8 ms",
    "screen mode": "WUXGA",
    "screen surface": "Anti-glare",
    "standby power consumption": "35 W",
    "swivel angle": "180\u00c2\u00b0",
    "technical information": "Screen Size 24\"",
    "tilt angle": "-5\u00c2\u00b0to30\u00c2\u00b0",
    "usb": "Yes",
    "usb standard": "USB 2.0",
    "vertical viewing angle": "178\u00c2\u00b0",
    "video": "Brightness 250 Nit",
    "weight with stand approximate": "14.51 lb",
    "width": "21.9\"",
    "width with stand": "2.19\""
}