{
    "<page title>": "Dell 20\" LED Monitor E2014H 1600x900 5ms New in Box | eBay",
    "aspect ratio": "16:9",
    "brand": "Dell",
    "condition": "New: A brand-new, unused, unopened, undamaged item in its original packaging (where packaging is\napplicable). Packaging should be the same as what is found in a retail store, unless the item is handmade or was packaged by the manufacturer in non-retail packaging, such as an unprinted box or plastic bag. See the seller's listing for full details.\nSee all condition definitions- opens in a new window or tab\n... Read moreabout the condition",
    "display technology": "LED LCD",
    "max resolution": "1600 x 900",
    "model": "E2014H",
    "mpn": "320-9775",
    "response time": "5 ms",
    "screen size": "20\""
}