{
    "<page title>": "Asus VN289H 28\" FHD WS LED Monitor 16 9 5ms 1920x1080 300 NIT 3000 1 HDMI VGA | eBay",
    "adjustable display angle": "Yes",
    "aspect ratio": "16:9",
    "backlight technology": "LED",
    "brand name": "Asus",
    "brightness": "300 cd/m\u00c3\u0082\u00c2\u00b2",
    "certifications  standards": "BSMICBCCCCEC-TickCUFCCPSEUL/cULVCCIWHQL",
    "color": "Black",
    "color supported": "16.7 Million Colors",
    "contrast ratio": "80,000,000:1",
    "depth": "8.3\" (210 mm)",
    "features": "Flicker-free\nVividPixel Technology\nMobile High-Definition Link (MHL)\nEye-Care\nSplendid Video Intelligence Technology\nReading Mode\nQuickFit\nTrace Free Technology\nSecurity Lock\nGame Mode",
    "green compliance certificateauthority": "ENERGY STAR 6.0\nChina Energy Label (CEL)\nErP\nRoHS\nTCO Certified Displays 6.0\nWEEE\nMEPS",
    "green compliant": "Yes",
    "hdcp supported": "Yes",
    "hdmi": "Yes",
    "headphone": "Yes",
    "height": "17.7\" (450.7 mm)",
    "horizontal viewing angle": "178\u00c3\u0082\u00c2\u00b0",
    "manufacturer": "ASUS Computer International",
    "manufacturer part number": "VN289H",
    "maximum resolution": "1920 x 1080",
    "mount type": "Wall Mountable",
    "number of screens": "1",
    "number of speakers": "2",
    "offmode power consumption": "500 mW",
    "operating power consumption": "35 W",
    "panel technology": "Vertical Alignment (VA)",
    "platform supported": "PC",
    "product model": "VN289H",
    "product name": "VN289H Widescreen LCD Monitor",
    "product type": "LCD Monitor",
    "response time": "5 ms",
    "screen mode": "Full HD",
    "screen size": "28\"",
    "speakers": "Yes",
    "standard refresh rate": "75 Hz",
    "standby power consumption": "500 mW",
    "tilt angle": "-5\u00c3\u0082\u00c2\u00b0to22\u00c3\u0082\u00c2\u00b0",
    "vertical viewing angle": "178\u00c3\u0082\u00c2\u00b0",
    "vesa mount compatible": "Yes",
    "vesa mount standard": "100 x 100",
    "vga": "Yes",
    "width": "26\" (660.2 mm)"
}