{
    "<page title>": "Samsung T22C350ND 22\" Widescreen LED Monitor 1080p TV Tuner Built in Speakers | eBay",
    "aspect ratio": "16:9",
    "brand": "Samsung",
    "brightness": "250 cd/m\u00c2\u00b2",
    "contrast ratio": "1000",
    "display technology": "LED LCD",
    "features": "Built-In TV Tuner",
    "game mode": "Yes",
    "max resolution": "1920 x 1080",
    "model": "T22C350ND",
    "mpn": "LT22C350ND/ZA",
    "osd language": "English, Spanish, French",
    "response time": "2 ms",
    "screen size": "21.5\"",
    "series": "C350 Series"
}