{
    "<page title>": "Asus VW22AT CSM 22\" LED LCD Monitor 16 10 5 MS SYNX3575066 | eBay",
    "aspect ratio": "16:10",
    "brand name": "Asus",
    "brightness": "250 Nit",
    "built-in devices": "Speaker",
    "color supported": "16.7 Million Colors",
    "condition": "New: A brand-new, unused, unopened, undamaged item in its original packaging (where packaging is\napplicable). Packaging should be the same as what is found in a retail store, unless the item is handmade or was packaged by the manufacturer in non-retail packaging, such as an unprinted box or plastic bag. See the seller's listing for full details.\nSee all condition definitions- opens in a new window or tab\n... Read moreabout the condition\nUnit of Measure:\nEA",
    "contrast ratio": "50,000,000:1",
    "green compliant": "Yes",
    "hdcp supported": "Yes",
    "maximum resolution": "1680 x 1050",
    "mount type": "Wall Mountable",
    "number of screens": "1",
    "response time": "5 ms",
    "screen size": "22\"",
    "speakers": "Yes",
    "upc": "886227152780"
}