{
    "<page title>": "Lot 4 Dell UltraSharp 17\" LCD Monitor 1707FP 4 Port USB Hub VGA DVI CC280 YG138 321707725882 | eBay",
    "aspect ratio": "5:4",
    "brand": "Dell",
    "brightness": "300 cd/m\u00c2\u00b2",
    "contrast ratio": "600:1",
    "display technology": "LCD",
    "features": "12V DC Input for Soundbar, USB Hub",
    "max. resolution": "1280 x 1024",
    "model": "1707FP, 1707FPt, 1707FPb, 1707FPf",
    "mpn": "CC352, CC280, YG613, YG138",
    "response time": "8 ms",
    "screen size": "17\"",
    "video inputs": "DVI, VGA D-Sub"
}