{
    "<page title>": "AOC 16\" Black E1649FWU 16MS Wled Backlight Widescreen LCD Monitor Powered by USB | eBay",
    "brand": "AOC",
    "condition": "New: A brand-new, unused, unopened, undamaged item in its original packaging (where packaging is\napplicable). Packaging should be the same as what is found in a retail store, unless the item is handmade or was packaged by the manufacturer in non-retail packaging, such as an unprinted box or plastic bag. See the seller's listing for full details.\nSee all condition definitions- opens in a new window or tab\n... Read moreabout the condition",
    "display technology": "LCD",
    "model": "e1649Fwu",
    "screen size": "16\""
}