{
    "<page title>": "Asus VS197D P 18 5 LED LCD Monitor 16 9 5 MS Adjustable Display Angle 1 610839379095 | eBay",
    "adjustable display angle": "Yes",
    "aspect ratio": "16:9",
    "backlight technology": "LED",
    "brand name": "Asus",
    "certifications  standards": "UL/cULCBCEEuPFCCCCCBSMIGost-RC-TickVCCIPSBEKJ-MOSSWHQL",
    "color": "Black",
    "color supported": "16.7 Million Colors",
    "contrast ratio": "50,000,000:1",
    "depth with stand": "7.28\"",
    "general information": "Marketing Information Superior Image Quality Meets Classic Elegant Design\nDelicate touches make a monitor truly great, VS197D LED monitor with 50,000,000:1 high contrast ratio, is optimized for the finest image and color quality. This approach extends to the sturdy stand and slim profile without compromising style in ensuring stability and durability.50,000,000:1 ASUS Smart Contrast Ratio\nDynamically enhances the display's contrast by adjusting the luminance of the backlight to achieve the darkest black and brightest white - delivering lifelike images.",
    "green compliance certificateauthority": "WEEE\nENERGY STAR\nRoHS",
    "horizontal viewing angle": "170\u00c2\u00b0",
    "interfacesports": "VGA Yes",
    "manufacturer": "ASUS Computer International",
    "manufacturer part number": "VS197D-P",
    "maximum resolution": "1366 x 768",
    "miscellaneous": "Green Compliant Yes",
    "mount type": "Wall Mountable",
    "number of screens": "1",
    "offmode power consumption": "500 mW",
    "package contents": "VS197D-P Widescreen LCD MonitorVGA CablePower CordQuick Start GuideWarranty Card",
    "physical characteristics": "Height with Stand 13.62\"",
    "platform supported": "PC",
    "power description": "Operating Power Consumption 21 W",
    "product model": "VS197D-P",
    "product name": "VS197D-P Widescreen LCD Monitor",
    "product series": "VS",
    "product type": "LCD Monitor",
    "response time": "5 ms",
    "screen mode": "WXGA",
    "standard refresh rate": "75 Hz",
    "standby power consumption": "500 mW",
    "technical information": "Screen Size 18.5\"",
    "vertical viewing angle": "160\u00c2\u00b0",
    "vesa mount compatible": "Yes",
    "video": "Brightness 250 Nit",
    "weight approximate": "6.06 lb",
    "width with stand": "17.60\""
}