{
    "<page title>": "Dell 17\" LCD Monitor 1703FPS VGA Power Cables 825633788107 | eBay",
    "condition": "Used: An item that has been used previously. The item may have some signs of cosmetic wear, but is fully\noperational and functions as intended. This item may be a floor model or store return that has been used. See the seller\u00e2\u0080\u0099s listing for full details and description of any imperfections.\nSee all condition definitions- opens in a new window or tab\n... Read moreabout the condition\nBrand:\nDell",
    "contrast ratio": "600",
    "display technology": "LCD",
    "max resolution": "1280 x 1024",
    "model": "1703FPs",
    "mpn": "ebay_Dell1703FPs17\"LCDMonitor",
    "screen size": "17\"",
    "upc": "825633788107"
}