{
    "<page title>": "17\" Dell E173FPF 0D5428 Flat Panel LCD Monitor w Power Cord VGA Cable 008888306009 | eBay",
    "aspect ratio": "5:4",
    "condition": "Used: An item that has been used previously. The item may have some signs of cosmetic wear, but is fully\noperational and functions as intended. This item may be a floor model or store return that has been used. See the seller\u00e2\u0080\u0099s listing for full details and description of any imperfections.\nSee all condition definitions- opens in a new window or tab\n... Read moreabout the condition\nBrand:\nDell",
    "contrast ratio": "800",
    "display technology": "LCD",
    "max. resolution": "1280 x 1024",
    "model": "E173FPF",
    "mpn": "E173FPF",
    "response time": "5 ms",
    "screen size": "17",
    "upc": "008888306009",
    "video inputs": "VGA D-Sub"
}