{
    "<page title>": "New Dell E2014H Monitor LED 19 5\" Display HD Black 1600x900 LCD 16 9 5ms PC 20 | eBay",
    "aspect ratio": "16:9",
    "brand": "Dell",
    "condition": "New: A brand-new, unused, unopened, undamaged item in its original packaging (where packaging is\napplicable). Packaging should be the same as what is found in a retail store, unless the item is handmade or was packaged by the manufacturer in non-retail packaging, such as an unprinted box or plastic bag. See the seller's listing for full details.\nSee all condition definitions- opens in a new window or tab\n... Read moreabout the condition",
    "display technology": "LED LCD",
    "max resolution": "1600 x 900",
    "mpn": "E2014H",
    "screen size": "19.5\""
}