{
    "<page title>": "Free Shipping Asus 23\" Widescreen DVI VGA HD LED LCD Monitor VS238H P 610839380879 | eBay",
    "brand": "ASUS",
    "condition": "New: A brand-new, unused, unopened, undamaged item in its original packaging (where packaging is\napplicable). Packaging should be the same as what is found in a retail store, unless the item is handmade or was packaged by the manufacturer in non-retail packaging, such as an unprinted box or plastic bag. See the seller's listing for full details.\nSee all condition definitions- opens in a new window or tab\n... Read moreabout the condition",
    "contrast ratio": "50000000:1(ASCR)",
    "display technology": "LED LCD",
    "screen size": "23\""
}