{
    "<page title>": "Lot 2 Samsung SyncMaster 740N Flat Panel 17\" LCD Monitors 729507709024 | eBay",
    "aspect ratio": "5:4",
    "brand": "Samsung",
    "brightness": "300 cd/m\u00c2\u00b2",
    "condition": "Used: An item that has been used previously. The item may have some signs of cosmetic wear, but is fully\noperational and functions as intended. This item may be a floor model or store return that has been used. See the seller\u00e2\u0080\u0099s listing for full details and description of any imperfections.\nSee all condition definitions- opens in a new window or tab\n... Read moreabout the condition",
    "contrast ratio": "600:1",
    "display technology": "LCD",
    "max resolution": "1280 x 1024",
    "model": "740n",
    "response time": "5ms/8ms",
    "screen size": "17\"",
    "video inputs": "VGA D-Sub"
}