{
    "<page title>": "Aoc Professional E2260swda 21.5\" Led Lcd Monitor - 16:9 - 5 Ms - Adjustable Display Angle - 1920 X 1080 - 16.7 Million Colors - 250 Cd/m\u00c2\u00b2 - 1,000:1 - Full Hd - Speakers - Dvi - Vga - Black - Energy Star - (e2260Swda) - SoftwareCity.ca - Canada",
    "adjustable display angle": "Yes",
    "adjustable display height": "No",
    "adjustable display pivot": "No",
    "aspect ratio": "16:9",
    "backlight technology": "LED",
    "brand name": "AOC",
    "brightness": "250 cd/m\u00c2\u00b2",
    "builtin devices": "Speaker",
    "color": "Black",
    "color supported": "16.7 Million Colors",
    "contrast ratio": "1,000:1",
    "depth": "7.3\" (185 mm)",
    "displayport": "No",
    "dvi": "Yes",
    "features": "Security Lock",
    "green compliance certificateauthority": "ENERGY STAR",
    "green compliant": "Yes",
    "hdcp supported": "Yes",
    "hdmi": "No",
    "height": "14.7\" (373 mm)",
    "horizontal viewing angle": "170\u00c2\u00b0",
    "limited warranty": "1 Year",
    "manufacturer": "AOC",
    "manufacturer part number": "E2260SWDA",
    "manufacturer website address": "http://us.aoc.com",
    "maximum resolution": "1920 x 1080",
    "mount type": "Wall Mountable",
    "number of screens": "1",
    "platform supported": "PC",
    "product line": "Professional",
    "product model": "e2260Swda",
    "product name": "LED Monitor - e2260Swda Professional 54.7cm (21.5\")",
    "product type": "LCD Monitor",
    "response time": "5 ms",
    "screen mode": "Full HD",
    "screen size": "21.5\"",
    "speakers": "Yes",
    "vertical viewing angle": "160\u00c2\u00b0",
    "vesa mount compatible": "Yes",
    "vesa mount standard": "100 x 100",
    "vga": "Yes",
    "width": "20.1\" (511 mm)"
}