{
    "<page title>": "Aoc E1649fwu 16\" Led Lcd Monitor - 16:9 - 16 Ms - 1366 X 768 - 16 Million Colors - 200 Nit - 500:1 - Wxga - Usb - 8 W - Piano Black - Energy Star - (E1649FWU) - SoftwareCity.ca - Canada",
    "adjustable display pivot": "Yes",
    "aspect ratio": "16:9",
    "backlight technology": "LED",
    "brand name": "AOC",
    "brightness": "200 cd/m\u00c2\u00b2",
    "color": "Piano Black",
    "color supported": "16 Million Colors",
    "contrast ratio": "500:1",
    "depth": "1.4\" (35.5 mm)",
    "features": "Ultra Slim",
    "green compliance certificateauthority": "ENERGY STAR",
    "green compliant": "Yes",
    "height": "9.3\" (236 mm)",
    "horizontal viewing angle": "90\u00c2\u00b0",
    "limited warranty": "1 Year",
    "manufacturer": "AOC",
    "manufacturer part number": "E1649FWU",
    "manufacturer website address": "http://us.aoc.com",
    "maximum resolution": "1366 x 768",
    "number of screens": "1",
    "operating power consumption": "8 W",
    "platform supported": "PC, Mac",
    "product model": "e1649Fwu",
    "product name": "e1649Fwu Widescreen LCD Monitor",
    "product type": "LCD Monitor",
    "response time": "16 ms",
    "screen mode": "WXGA",
    "screen size": "16\"",
    "usb": "Yes",
    "usb standard": "USB 2.0",
    "vertical viewing angle": "50\u00c2\u00b0",
    "weight approximate": "1.04 kg",
    "width": "14.8\" (376 mm)"
}