{
    "<page title>": "Philips Brilliance 242g5djeb 24\" Led Lcd Monitor - 16:9 - 5 Ms - Adjustable Display Angle - 1920 X 1080 - 16.7 Million Colors - 350 Cd/m\u00c2\u00b2 - 80,000,000:1 - Full Hd - Dvi - Hdmi - Vga - Displayport - Usb - 18.58 W - Textured Black - Epeat Silver, Energy Star 6.0, Rohs, Tco - (242G5DJEB/27) - SoftwareCity.ca - Canada",
    "adjustable display angle": "Yes",
    "adjustable display height": "Yes",
    "adjustable display pivot": "Yes",
    "aspect ratio": "16:9",
    "backlight technology": "LED",
    "brand name": "Philips",
    "brightness": "350 cd/m\u00c2\u00b2",
    "builtin devices": "USB Hub",
    "certifications  standards": "BSMI CE Mark FCC Class B GOST PSB SASO SEMKO TUV Ergo GS cETLus",
    "color": "Textured Black",
    "color supported": "16.7 Million Colors",
    "contrast ratio": "80,000,000:1",
    "depth": "2.5\" (63 mm)",
    "depth with stand": "8.7\" (220 mm)",
    "displayport": "Yes",
    "dvi": "Yes",
    "features": "SmartFrame, Mobile High-Definition Link (MHL), SmartImage, SmartResponse, Game Mode, Sync on Green",
    "green compliance certificateauthority": "EPEAT Silver, ENERGY STAR 6.0, RoHS, TCO",
    "green compliant": "Yes",
    "hdcp supported": "Yes",
    "hdmi": "Yes",
    "height": "13.9\" (354 mm)",
    "height with stand": "20.4\" (517 mm)",
    "horizontal viewing angle": "170\u00c2\u00b0",
    "input voltage": "110 V AC, 220 V AC",
    "manufacturer": "Philips Electronics",
    "manufacturer part number": "242G5DJEB/27",
    "manufacturer website address": "http://www.philips.com",
    "maximum adjustable height": "5.1\" (130 mm)",
    "maximum resolution": "1920 x 1080",
    "number of screens": "1",
    "offmode power consumption": "300 mW",
    "operating power consumption": "18.58 W",
    "panel technology": "Twisted Nematic Film (TN Film)",
    "platform supported": "PC, Mac",
    "product line": "Brilliance",
    "product model": "242G5DJEB",
    "product name": "Brilliance LCD Monitor with SmartImage Game",
    "product type": "LCD Monitor",
    "recycled": "Yes",
    "response time": "5 ms",
    "screen mode": "Full HD",
    "screen size": "24\"",
    "standard refresh rate": "144 Hz",
    "standby power consumption": "500 mW",
    "swivel angle": "65\u00c2\u00b0",
    "tilt angle": "-5\u00c2\u00b0to20\u00c2\u00b0",
    "usb": "Yes",
    "usb standard": "USB 3.0",
    "vertical viewing angle": "160\u00c2\u00b0",
    "vesa mount compatible": "Yes",
    "vesa mount standard": "100 x 100",
    "vga": "Yes",
    "weight approximate": "4.13 kg",
    "weight with stand approximate": "6.27 kg",
    "width": "22.2\" (565 mm)",
    "width with stand": "22.2\" (565 mm)"
}