{
    "<page title>": "Aoc I2367fh 23\" Led Lcd Monitor - 5 Ms - Adjustable Display Angle - 1920 X 1080 - 16.7 Million Colors - 250 Cd/m\u00c2\u00b2 - 50,000,000:1 - Full Hd - Speakers - Hdmi - Vga - 40 W - Black, Silver - Energy Star, Epeat Silver, Tco Displays 5.0 - (I2367FH) - SoftwareCity.ca - Canada",
    "adjustable display angle": "Yes",
    "backlight technology": "LED",
    "brand name": "AOC",
    "brightness": "250 cd/m\u00c2\u00b2",
    "builtin devices": "Speaker",
    "color": "Black, Silver",
    "color supported": "16.7 Million Colors",
    "contrast ratio": "50,000,000:1",
    "depth with stand": "4.7\" (120.6 mm)",
    "features": "Off Timer",
    "green compliance certificateauthority": "ENERGY STAR, EPEAT Silver, TCO Displays 5.0",
    "green compliant": "Yes",
    "hdcp supported": "Yes",
    "hdmi": "Yes",
    "height with stand": "15.5\" (394 mm)",
    "horizontal viewing angle": "178\u00c2\u00b0",
    "limited warranty": "1 Year",
    "manufacturer": "AOC",
    "manufacturer part number": "I2367FH",
    "manufacturer website address": "http://us.aoc.com",
    "maximum resolution": "1920 x 1080",
    "number of screens": "1",
    "operating power consumption": "40 W",
    "panel technology": "In-plane Switching (IPS) Technology",
    "platform supported": "PC",
    "product model": "I2367FH",
    "product name": "I2367FH 23 Inch IPS Monitor",
    "product series": "67",
    "product type": "LCD Monitor",
    "response time": "5 ms",
    "screen mode": "Full HD",
    "screen size": "23\"",
    "speakers": "Yes",
    "standby power consumption": "500 mW",
    "vertical viewing angle": "178\u00c2\u00b0",
    "vga": "Yes",
    "weight approximate": "3.75 kg",
    "width with stand": "20.9\" (531.4 mm)"
}