{
    "<page title>": "Nec Display Multisync Ea193mi-bk 19\" Led Lcd Monitor - 5:4 - 6 Ms - Adjustable Display Angle - 1280 X 1024 - 16.7 Million Colors - 250 Cd/m\u00c2\u00b2 - 1,000:1 - Sxga - Speakers - Dvi - Vga - Displayport - 18 W - Black - Epeat Silver, Rohs, Energy Star 6.0, Tco Certified Displays 6.0 - (EA193MI-BK) - SoftwareCity.ca - Canada",
    "adjustable display angle": "Yes",
    "adjustable display height": "Yes",
    "adjustable display pivot": "Yes",
    "aspect ratio": "5:4",
    "backlight technology": "LED",
    "brand name": "NEC Display",
    "brightness": "250 cd/m\u00c2\u00b2",
    "builtin devices": "Speaker",
    "certifications  standards": "ISO 9241-307 Class I",
    "color": "Black",
    "color supported": "16.7 Million Colors",
    "contrast ratio": "1,000:1",
    "depth": "2.6\" (66 mm)",
    "depth with stand": "8.4\" (213.4 mm)",
    "displayport": "Yes",
    "dvi": "Yes",
    "features": "Cable Management, AccuColor, Eco Mode, Carbon Footprint Meter, Sync on Green, Ambient Light Sensor",
    "green compliance certificateauthority": "EPEAT Silver, RoHS, ENERGY STAR 6.0, TCO Certified Displays 6.0",
    "green compliant": "Yes",
    "hdcp supported": "Yes",
    "height": "13.3\" (337.8 mm)",
    "height with stand": "19.5\" (495.3 mm)",
    "horizontal viewing angle": "178\u00c2\u00b0",
    "limited warranty": "3 Year",
    "manufacturer": "NEC Display Solutions",
    "manufacturer part number": "EA193MI-BK",
    "manufacturer website address": "http://www.necdisplay.com",
    "maximum resolution": "1280 x 1024",
    "number of screens": "1",
    "operating power consumption": "18 W",
    "package contents": "19\" LED-backlit Desktop Monitor w/ IPS Panel and Integrated Speakers Setup Sheet User Manual Power Cord 15-pin D-sub Cable DVI Cable Audio Cable",
    "panel technology": "Advanced High Performance In-plane Switching (AH-IPS) Technology",
    "product line": "MultiSync",
    "product model": "EA193MI-BK",
    "product name": "19\" LED-backlit Desktop Monitor w/ IPS Panel and Integrated Speakers",
    "product series": "EA",
    "product type": "LCD Monitor",
    "response time": "6 ms",
    "screen mode": "SXGA",
    "screen size": "19\"",
    "speakers": "Yes",
    "standard refresh rate": "75 Hz",
    "standby power consumption": "350 mW",
    "vertical viewing angle": "178\u00c2\u00b0",
    "vesa mount compatible": "Yes",
    "vesa mount standard": "100 x 100",
    "vga": "Yes",
    "weight approximate": "3.99 kg",
    "weight with stand approximate": "5.99 kg",
    "width": "16.1\" (408.9 mm)",
    "width with stand": "16.1\" (408.9 mm)"
}