{
    "<page title>": "Cleverboxes - VK228H | Asus VK228H (21.5 inch) LED Monitor 80000000:1 250 cd/m2 5ms HDMI VGA DVI-D (Black)",
    "aspect ratio": "16:9",
    "barcode": "4716659096566",
    "brightness": "250cd/m2",
    "case colour": "Black",
    "certifications": "Energy Star \u2022 TCO5.2 \u2022 UL/cUL \u2022 CB \u2022 CE \u2022 ErP \u2022 FCC \u2022 CCC \u2022 BSMI \u2022 Gost-R \u2022 C-Tick \u2022 VCCI \u2022 J-MOSS \u2022 RoHS \u2022 WEEE \u2022 Windows Vista and Windows 7 WHQL \u2022 EPEAT GOLD.",
    "digital in": "1 x DVI-D",
    "dimensions": "51.471cm (W) x 20.06cm (D) x 38.72cm (H) - Weight 5.2kg",
    "display type": "LED Monitor",
    "hd support": "Yes",
    "hdmi ports": "1 x HDMI",
    "in the box": "Asus VK228H (21.5 inch) LED Monitor \u2022 DVI cable \u2022 VGA cable \u2022 Audio cable \u2022 Power cord \u2022 USB cable \u2022 Quick start guide \u2022 Support CD \u2022 Warranty Card",
    "model name": "VK228H",
    "pixel pitch": "0.248mm",
    "product type": "Display",
    "resolution native": "1920 x 1080 Pixels",
    "response time": "5ms",
    "scan frequency horizontal": "30KHz to 82KHz (Digital) 30KHz to 82KHz (Analogue)",
    "scan frequency vertical": "50Hz to 76Hz (Digital) 50Hz to 76Hz (Analogue)",
    "screen dimensions": "21.5in",
    "screen type": "Widescreen 16.7 Million Colour",
    "security locking mechanics": "Kensington Lock",
    "speakers": "2 x 1.0W",
    "tilt forwardbackward": "+20\u00b0 to -5\u00b0",
    "user controls": "SPLENDID Video Preset Mode Selection \u2022 Auto. Adjustment \u2022 Brightness Adjustment \u2022 Input Selection \u2022 QuickFit",
    "vga in": "1 x 15-pin D-sub",
    "view angle": "170\u00b0 (Horizontal - Max) x 160\u00b0 (Vertical - Max)",
    "voltagefrequency": "100 to 240VAC / 50 to 60Hz",
    "wall mount": "Yes , Supported - 100mm x 100mm"
}