{
    "<page title>": "Cleverboxes - VS248H | Asus VS248H (24 inch) LED Monitor 50000000:1 250 cd/m2 1920 x 1080 2ms VGA DVI-D HDMI (Black)",
    "aspect ratio": "16:9",
    "audio line in ports": "1 x 3.5mm Mini-jack (for HDMI only)",
    "barcode": "4719543390153",
    "brightness": "250cd/m2",
    "case colour": "Black",
    "certifications": "Energy Star 5.0 \u2022 CEL \u2022 UL/cUL \u2022 CB \u2022 CE \u2022 ErP \u2022 FCC \u2022 CCC \u2022 BSMI \u2022 Gost-R \u2022 C-Tick \u2022 VCCI \u2022 PSB \u2022 J-MOSS \u2022 RoHS \u2022 WEEE \u2022 Windows 7 WHQL",
    "contrast ratio": "5,000,000:1 (Dynamic)",
    "description": "When you would like to watch movies upward lying down, Smart View Technology can adjust colour parameters to deliver the same image quality and colours with straight viewing. The exclusive Splendid Video Intelligence Technology optimizes video performance and image fidelity by enhancing colour, brightness, contrast, and sharpness. 6 preset video modes (Scenery, Theater, Game, Night View, sRGB and Standard) can be selected via a hotkey.",
    "digital in": "1 x DVI-D",
    "dimensions": "57.32cm (W) x 20.55cm (D) x 41.23cm (H) - Weight 6.4kg",
    "hd support": "Yes",
    "hdmi ports": "1 x HDMI",
    "in the box": "Asus VS248H (24 inch) LED Monitor \u2022 DVI cable \u2022 VGA cable \u2022 Power cord \u2022 Quick start guide \u2022 Warranty Card",
    "pixel pitch": "0.2768mm",
    "resolution native": "1920 x 1080 Pixels",
    "response time": "2ms",
    "scan frequency horizontal": "30KHz to 83KHz (Digital) 30KHz to 83KHz (Analogue)",
    "scan frequency vertical": "50Hz to 76Hz (Digital) 50Hz to 76Hz (Analogue)",
    "screen dimensions": "24in",
    "screen type": "LED 16.7 Million Colour",
    "security locking mechanics": "Kensington Lock",
    "tilt forwardbackward": "+20\u00b0 to -5\u00b0",
    "user controls": "SPLENDID Video Preset Mode Selection \u2022 Auto. Adjustment \u2022 Brightness Adjustment \u2022 Contrast Adjustment \u2022 Input Selection",
    "vga in": "1 x 15-pin D-Sub",
    "view angle": "170\u00b0 (Horizontal - Max) x 160\u00b0 (Vertical - Max)",
    "wall mount": "Yes , VESA Compliant - 100mm x 100mm"
}