{
    "1920 x 1080 graphic mode": "60Hz",
    "<page title>": "Cleverboxes - 860-10213 | Dell E-Series E2414H (24 inch) LED Backlit LCD Monitor 1000:1 250cd/m2 1920x1080 5ms DVI-D/VGA",
    "antiglare  antistatic": "Anti-Glare \u2022 Hard Coating 3H",
    "aspect ratio": "16:9",
    "backlight": "LED",
    "barcode": "5397063347797",
    "brightness": "250cd/m2",
    "contrast ratio": "1,000:1 (Static)",
    "digital in": "1 x DVI-D (with HDCP)",
    "dimensions": "57.0cm (W) x 16.42cm (D) x 41.83cm (H) - Weight 3.0kg",
    "display type": "Wide Screen LCD Monitor",
    "environmental": "Operating Temperature 0 to 40\u00b0C - Humidity 10 to 80%",
    "hd support": "Yes",
    "in the box": "Monitor \u2022 Stand Riser \u2022 Stand Base \u2022 VESA Screw Cover \u2022 Power Cable \u2022 VGA Cable \u2022 DVI Cable \u2022 Drivers and documentation media \u2022 Quick setup guide \u2022 Product information guide",
    "model name": "E2414H",
    "pixel pitch": "0.277mm",
    "power consumption": "20W (Max) / 0.5W (Standby)",
    "product family": "E-Series",
    "product type": "Monitor",
    "resolution native": "1920 x 1080 Pixels Full HD",
    "response time": "5ms",
    "screen dimensions": "24in , 29.88cm x 53.13cm",
    "screen type": "TN (Twisted nematic) 16.7 Million Colour",
    "vga in": "1 x 15-pin D-sub",
    "view angle": "170\u00b0 (Horizontal - Max) x 160\u00b0 (Vertical - Max)",
    "voltagefrequency": "100 to 240VAC / 50 to 60Hz",
    "wall mount": "Yes , VESA Compliant - 100mm x 100mm",
    "warranty": "3-Year Advanced Exchange Service"
}