{
    "<page title>": "VE278H - Asus Ve278h Widescreen Lcd Monitor - PC-Canada.com",
    "adjustable display angle": "Yes",
    "aspect ratio": "16:9",
    "backlight technology": "LED",
    "brand name": "Asus",
    "brightness": "300 cd/m\u00c2\u00b2",
    "certifications  standards": "CBUL/cULCEFCCCCCBSMIGost-RC-TickVCCIPSBEKWHQL",
    "color": "Black",
    "color supported": "16.7 Million Colors",
    "contrast ratio": "1,200:1",
    "depth": "2.3\" (59.5 mm)",
    "features": "Security Lock, Splendid Video Intelligence Technology",
    "green compliance certificateauthority": "WEEE, RoHS, J-Moss (Japanese RoHS), ErP, ENERGY STAR",
    "green compliant": "Yes",
    "hdcp supported": "Yes",
    "hdmi": "Yes",
    "headphone": "Yes",
    "height": "15.2\" (385.6 mm)",
    "horizontal viewing angle": "170\u00c2\u00b0",
    "input voltage": "110 V AC, 220 V AC",
    "limited warranty": "3 Year",
    "manufacturer": "ASUS Computer International",
    "manufacturer part number": "VE278H",
    "manufacturer website address": "http://www.asus.com",
    "maximum resolution": "1920 x 1080",
    "mount type": "Wall Mountable",
    "number of screens": "1",
    "number of speakers": "2",
    "offmode power consumption": "500 mW",
    "operating power consumption": "45 W",
    "package contents": "VE278H Widescreen LCD MonitorVGA CablePower CordAudio CableQuick Start GuideHDMI-to-DVI CableWarranty Card",
    "pccanadacom": "does not accept phone orders.",
    "platform supported": "PC",
    "product model": "VE278H",
    "product name": "VE278H Widescreen LCD Monitor",
    "product series": "VE",
    "product type": "LCD Monitor",
    "response time": "2 ms",
    "screen mode": "Full HD",
    "screen size": "27\"",
    "speakers": "Yes",
    "standard refresh rate": "75 Hz",
    "standby power consumption": "500 mW",
    "vertical viewing angle": "160\u00c2\u00b0",
    "vesa mount compatible": "Yes",
    "vesa mount standard": "100 x 100",
    "vga": "Yes",
    "weight approximate": "6 kg",
    "width": "25.3\" (643 mm)"
}