{
    "<page title>": "Philips 221B3LPCB/02 LED display - MediaShopUK",
    "audio input": "Yes",
    "audio output": "Yes",
    "backlight type": "W-LED",
    "builtin camera": [
        "No",
        "No",
        "No"
    ],
    "builtin speakers": [
        "Yes",
        "Yes",
        "Yes"
    ],
    "cable lock slot": [
        "Kensington",
        "Kensington"
    ],
    "card reader integrated": [
        "No",
        "No"
    ],
    "certification": "BSMI, CE-Zeichen, FCC, GOST, SEMKO, TCO 5.1, T\u00dcV/GS, T\u00dcVErgo, UL/cULRoHS",
    "colour of product": [
        "Black",
        "Black"
    ],
    "common interface ci": "No",
    "common interface plus ci": "No",
    "compatible memory cards": [
        "No",
        "No"
    ],
    "contrast ratio dynamic": "20000000:1",
    "contrast ratio typical": "1000:1",
    "depth": "59 mm",
    "depth with stand": "227 mm",
    "display": "LED",
    "display brightness": "250 cd/m\u00b2",
    "display diagonal": "546.1 mm (21.5 \")",
    "display diagonal metric": "54.6 cm",
    "display number of colours": "16.77 M",
    "display resolution": "1920 x 1080 pixels",
    "display srgb": "Yes",
    "dvid ports quantity": "1",
    "energy efficiency class": "Unspecified",
    "energy star certified": "Yes",
    "epeat compliance": "Gold",
    "ethernet lan": "No",
    "hd type": "Full HD",
    "hdcp": "Yes",
    "hdmi": [
        "No",
        "No"
    ],
    "headphone out": "1",
    "height": "323 mm",
    "height adjustment": "Yes",
    "height with stand": "480 mm",
    "horizontal scan range": "30 - 83 kHz",
    "input frequency": "50/60 Hz",
    "input voltage": "100 - 240 V",
    "mean time between failures mtbf": [
        "30000 h",
        "30000 h"
    ],
    "number of loudspeakers": [
        "2",
        "2",
        "2"
    ],
    "number of osd languages": [
        "8",
        "8"
    ],
    "on screen display osd": [
        "Yes",
        "Yes"
    ],
    "on screen display osd languages": [
        "CHI (SIMPL), DEU, ENG, ESP, FRE, ITA, POR, RUS",
        "CHI (SIMPL), DEU, ENG, ESP, FRE, ITA, POR, RUS"
    ],
    "operating relative humidity hh": "20 - 80 %",
    "operating temperature tt": "0 - 40 \u00b0C",
    "package weight": [
        "7.12 kg",
        "7.12 kg"
    ],
    "packaging depth": [
        "186 mm",
        "186 mm"
    ],
    "packaging height": [
        "361 mm",
        "361 mm"
    ],
    "packaging width": [
        "568 mm",
        "568 mm"
    ],
    "pc audio in": "Yes",
    "pivot": "Yes",
    "pixel pitch": "0.248 x 0.248 mm",
    "plug and play": [
        "Yes",
        "Yes"
    ],
    "power consumption standby": "0.1 W",
    "power consumption typical": "17.8 W",
    "response time": "5 ms",
    "rms rated power": [
        "3 W",
        "3 W",
        "3 W"
    ],
    "separate hv sync": "Yes",
    "source datasheet": [
        ".",
        "."
    ],
    "storage temperature tt": "-20 - 60 \u00b0C",
    "supported graphics resolutions": "1920 x 1080 (HD 1080)",
    "syncongreen sog": "Yes",
    "thin client installed": "No",
    "tilt adjustment": "Yes",
    "tilt angle": "-5 - 20 \u00b0",
    "tv tuner integrated": [
        "No",
        "No"
    ],
    "usb 20 ports quantity": "2",
    "vertical scan range": "56 - 75 Hz",
    "vesa mounting interfaces compatibility": "100 x 100 mm",
    "vga dsub ports quantity": "1",
    "viewable size horizontal": "476.6 mm",
    "viewable size vertical": "268.1 mm",
    "viewing angle horizontal": "176 \u00b0",
    "viewing angle vertical": "170 \u00b0",
    "wall mountable": "Yes",
    "weight": "3.4 kg",
    "weight with stand": "5.3 kg",
    "width": "507 mm",
    "width with stand": "507 mm",
    "wifi": "No"
}