{
    "3d compatibility": "No",
    "<page title>": "Viewsonic Value Series VA2349S - MediaShopUK",
    "ac power in": "Yes",
    "builtin camera": [
        "No",
        "No",
        "No"
    ],
    "cable lock slot": [
        "Kensington",
        "Kensington"
    ],
    "colour of product": [
        "Black",
        "Black"
    ],
    "composite video in": "1",
    "contrast ratio dynamic": "20000000:1",
    "contrast ratio typical": "1000:1",
    "depth": "395.1 mm",
    "digital horizontal frequency": "24 - 82 kHz",
    "digital vertical frequency": "50 - 75 Hz",
    "display": "LCD",
    "display brightness": "250 cd/m\u00b2",
    "display diagonal": "584.2 mm (23 \")",
    "display resolution": "1920 x 1080 pixels",
    "display technology": "LCD",
    "dvi port": "Yes",
    "dvid ports quantity": "1",
    "energy efficiency class": "Unspecified",
    "energy star certified": "Yes",
    "epeat compliance": "Silver",
    "hd type": "Full HD",
    "hdcp": "No",
    "height": "213.5 mm",
    "input frequency": "50/60 Hz",
    "input voltage": "100 - 240 V",
    "mac operating systems supported": [
        "Yes",
        "Yes"
    ],
    "operating relative humidity hh": "10 - 90 %",
    "operating temperature tt": "0 - 40 \u00b0C",
    "power consumption typical": "22 W",
    "quick start guide": [
        "Yes",
        "Yes"
    ],
    "response time": "5 ms",
    "source datasheet": [
        ".",
        "."
    ],
    "supported graphics resolutions": "1920 x 1080 (HD 1080)",
    "supported video modes": "1080p",
    "thin client installed": "No",
    "tv tuner integrated": [
        "No",
        "No"
    ],
    "vesa mounting interfaces compatibility": "100 x 100 mm",
    "vga dsub ports quantity": "1",
    "viewing angle horizontal": "178 \u00b0",
    "viewing angle vertical": "178 \u00b0",
    "wall mountable": "Yes",
    "weight": "4 kg",
    "width": "548.4 mm",
    "windows operating systems supported": [
        "Yes",
        "Yes"
    ]
}