{
    "<page title>": "VN289H, 3141904, ASUSTeK COMPUTER, LCD Monitor, Kingsfield Computer Products Ltd",
    "adjustable display angle": "Yes",
    "aspect ratio": "16:9",
    "backlight technology": "LED",
    "brand name": "Asus",
    "brightness": "300 cd/m\u00b2",
    "builtin devices": "Speaker",
    "colour": "Black",
    "colour support": "16.7 Million Colours",
    "contrast ratio": "80,000,000:1",
    "depth": "210 mm",
    "depth with stand": "210 mm",
    "displayport": "Yes",
    "dvi": "Yes",
    "features": [
        "Game Mode",
        "Mobile High-Definition Link (MHL)",
        "Eye-Care",
        "QuickFit",
        "VividPixel Technology",
        "Splendid Video Intelligence Technology",
        "Security Lock",
        "Reading Mode",
        "Trace Free Technology",
        "Flicker-free"
    ],
    "hdcp supported": "Yes",
    "hdmi": "Yes",
    "headphone": "Yes",
    "height": "450.7 mm",
    "height with stand": "450.70 mm",
    "horizontal frequency": "80 kHz",
    "horizontal viewing angle": "178\u00b0",
    "manufacturer": "ASUS Computer International",
    "manufacturer part number": "VN289H",
    "maximum resolution": "1920 x 1080",
    "mount type": "Wall Mountable",
    "number of screens": "1",
    "number of speakers": "2",
    "offmode power consumption": "500 mW",
    "operating power consumption": "35 W",
    "panel technology": "Vertical Alignment (VA)",
    "platform supported": "PC",
    "product model": "VN289H",
    "product name": "VN289H Widescreen LCD Monitor",
    "product type": "LCD Monitor",
    "response time": "5 ms",
    "screen mode": "Full HD",
    "screen size": "71.1 cm (28\")",
    "speakers": "Yes",
    "standby power consumption": "500 mW",
    "tilt angle": "-5\u00b0to20\u00b0",
    "vertical viewing angle": "178\u00b0",
    "vesa mount compatible": "Yes",
    "vesa mount standard": "100 x 100",
    "vga": "Yes",
    "webcam": "No",
    "weight approximate": "5.20 kg",
    "width": "660.2 mm",
    "width with stand": "660.20 mm"
}