{
    "<page title>": "Compare prices for BenQ GL2760H monitor, BenQ GL 2760H reviews - ShopMania",
    "aspect ratio": "16:9",
    "backlight technology": "LED",
    "brand": "BenQ",
    "brightness": "300",
    "category": [
        "Monitors",
        "Monitors"
    ],
    "color depth": "16.7",
    "color gamut": "72%",
    "connectors": "DVI / HDMI / VGA / 3.5mm Jack",
    "contrast ratio": "1000:1",
    "depth": "132 mm",
    "diagonal size": "27 inch (more than 84%)",
    "display type": "LED",
    "dot pitch": "0 mm",
    "dynamic contrast ratio": "12000000:1 (more than 81%)",
    "ean": "4718755051982",
    "energy star compliant": "Yes",
    "hdmi ports": "1",
    "height": "71.50 cm",
    "panel technology": "TN",
    "power consumption operational": "21 W (less than 89%)",
    "product name": [
        "BenQ GL2760H",
        "BenQ GL2760H"
    ],
    "product rating": [
        "0 out of 5",
        "0 out of 5"
    ],
    "resolution": "1920x1080 (more than 61%)",
    "swivel": "Yes",
    "user controls": "Contrast",
    "user reviews": [
        "Write a review",
        "Write a review"
    ],
    "viewing angle": "170/160",
    "weight": "11.90 lb",
    "width": "49 cm"
}