{
    "<page title>": "Compare prices for BenQ RL2460HT monitor, BenQ RL 2460HT reviews - ShopMania",
    "aspect ratio": "16:9",
    "backlight technology": "LED",
    "brand": "BenQ",
    "brightness": "250",
    "category": "Monitors",
    "color depth": "16.7",
    "color gamut": "72%",
    "connectors": "DVI / HDMI / VGA",
    "contrast ratio": "1000:1",
    "diagonal size": "24 inch (more than 74%)",
    "display type": "LED",
    "dot pitch": "0 mm",
    "dynamic contrast ratio": "1000:1",
    "energy star compliant": "Yes",
    "lowest recommended price": "$346.61 - Shoplet.com Show all prices \u00bb",
    "product name": "BenQ RL2460HT",
    "product rating": "0 out of 5",
    "resolution": "1920x1080 (more than 61%)",
    "response time": "1 ms (less than 99%)",
    "stand": "Yes",
    "user controls": "Contrast",
    "user reviews": "Write a review",
    "viewing angle": "170/160"
}