{
    "3d compatibility": "Yes",
    "<page title>": "Compare prices for BenQ XL2720Z monitor, BenQ XL 2720Z reviews - ShopMania",
    "aspect ratio": "16:9",
    "backlight technology": "LED",
    "brand": "BenQ",
    "brightness": "300",
    "category": "Monitors",
    "color depth": "16.7",
    "color gamut": "72%",
    "connectors": "DVI / DisplayPort / HDMI / USB / VGA / 3.5mm Jack",
    "contrast ratio": "1000:1",
    "depth": "273 mm",
    "diagonal size": "27 inch (more than 84%)",
    "display type": "LED",
    "dot pitch": "0 mm",
    "dynamic contrast ratio": "12000000:1 (more than 81%)",
    "ean": "4718755052767",
    "energy star compliant": "Yes",
    "hdmi ports": "2",
    "height": "54.80 cm",
    "lowest recommended price": "$664.35 - Shoplet.com Show all prices \u00bb",
    "panel technology": "TN",
    "power consumption operational": "27 W (less than 75%)",
    "product name": "BenQ XL2720Z",
    "product rating": "0 out of 5",
    "resolution": "1920x1080 (more than 61%)",
    "response time": "1 ms (less than 99%)",
    "stand": "Yes",
    "swivel": "Yes",
    "tv tuner": "Yes",
    "user controls": "Brightness / Contrast",
    "user reviews": "Write a review",
    "viewing angle": "170/160",
    "weight": "16.53 lb",
    "width": "64.20 cm"
}