{
    "3d compatibility": "Yes",
    "<page title>": "Compare prices for BenQ XL2420Z monitor, BenQ XL 2420Z reviews - ShopMania",
    "aspect ratio": "16:9",
    "backlight technology": "LED",
    "brand": "BenQ",
    "brightness": "350 (more than 85%)",
    "category": "Monitors",
    "color depth": "16.7",
    "color gamut": "72%",
    "connectors": "DVI / DisplayPort / HDMI / USB / VGA / 3.5mm Jack",
    "contrast ratio": "1000:1",
    "depth": "26.90 cm",
    "diagonal size": "24 inch (more than 74%)",
    "display type": "LED",
    "dot pitch": "0 mm",
    "dynamic contrast ratio": "12000000:1 (more than 81%)",
    "ean": "4718755051562, 0840046030254",
    "energy star compliant": "Yes",
    "hdmi ports": "2",
    "height": "48.50 cm",
    "lowest recommended price": "$289.99 - Buydig.com Show all prices \u00bb",
    "panel technology": "TN",
    "power consumption operational": "24 W (less than 82%)",
    "power consumption stand by": "0.5 W (less than 78%)",
    "product name": "BenQ XL2420Z",
    "product rating": "0 out of 5",
    "resolution": "1920x1080 (more than 61%)",
    "response time": "1 ms (less than 99%)",
    "stand": "Yes",
    "swivel": "Yes",
    "synchronization range  vertical": "144",
    "upc": "840046030254",
    "user controls": "Brightness / Contrast / Sharpness",
    "user reviews": "Write a review",
    "viewing angle": "170/160",
    "weight": "13.45 lb",
    "width": "64.20 cm"
}