{
    "<page title>": "Compare prices for BenQ BL2400PU monitor, BenQ BL 2400PU reviews - ShopMania",
    "aspect ratio": "16:9",
    "backlight technology": "LED",
    "brand": "BenQ",
    "brightness": "250",
    "category": [
        "Monitors",
        "Monitors"
    ],
    "connectors": "DVI / VGA",
    "contrast ratio": "3000:1 (more than 88%)",
    "diagonal size": "24 inch (more than 74%)",
    "display type": "LCD",
    "dot pitch": "0 mm",
    "ean": "0840046022112",
    "energy star compliant": "Yes",
    "features": "HDCP",
    "power consumption operational": "42 W",
    "power consumption stand by": "0.2 W (less than 97%)",
    "product name": [
        "BenQ BL2400PU",
        "BenQ BL2400PU"
    ],
    "product rating": [
        "0 out of 5",
        "0 out of 5"
    ],
    "resolution": "1920x1080 (more than 61%)",
    "response time": "8 ms",
    "upc": "840046022112",
    "user controls": "Brightness / Contrast / Tilt",
    "user reviews": [
        "Write a review",
        "Write a review"
    ],
    "viewing angle": "178/178"
}