{
    "<page title>": "Compare prices for ViewSonic VG2439m-LED monitor, ViewSonic VG 2439m LED reviews - ShopMania",
    "backlight technology": "LED",
    "brand": "ViewSonic",
    "brightness": "300",
    "category": [
        "Monitors",
        "Monitors"
    ],
    "connectors": "DVI / VGA",
    "contrast ratio": "1000:1",
    "diagonal size": "24 inch (more than 74%)",
    "display type": "LED",
    "dynamic contrast ratio": "20000000:1 (more than 85%)",
    "ean": "0766907642117",
    "energy star compliant": "Yes",
    "panel technology": "IPS",
    "power consumption operational": "24 W (less than 82%)",
    "product name": [
        "ViewSonic VG2439m-LED",
        "ViewSonic VG2439m-LED"
    ],
    "product rating": [
        "0 out of 5",
        "0 out of 5"
    ],
    "resolution": "1920x1080 (more than 61%)",
    "response time": "5 ms",
    "speakers power": "3 W",
    "swivel": "Yes",
    "synchronization range  horizontal": "82",
    "tv tuner": "Yes",
    "upc": "766907642117",
    "user reviews": [
        "Write a review",
        "Write a review"
    ],
    "weight": "11.46 lb"
}