{
    "<page title>": "Compare prices for Asus VK278Q monitor, Asus VK 278Q reviews - ShopMania",
    "aspect ratio": "16:9",
    "backlight technology": "LED",
    "brand": "Asus",
    "brightness": "300",
    "cables included": "Audio Cable / USB / VGA",
    "category": "Monitors",
    "color depth": "16.7",
    "connectors": "Audio / DVI / DisplayPort / HDMI / USB / VGA / 3.5mm Jack",
    "contrast ratio": "1000:1",
    "depth": "220 mm",
    "diagonal size": "27 inch (more than 84%)",
    "display type": "LED",
    "dot pitch": "0 mm",
    "dynamic contrast ratio": "10000000:1 (more than 76%)",
    "ean": "0610839327058, 4719543327005, 0610839327003",
    "energy star compliant": "Yes",
    "features": "Asus Smart Contrast Ratio / Asus Splendid / HD Ready / HDCP / Picture in picture / Skin-Tone Selection / Trace Free Technology",
    "hdmi ports": "1",
    "height": "46 cm",
    "lowest recommended price": "$343.81 - Alluremart.com Show all prices \u00bb",
    "number of speakers": "2",
    "panel technology": "TN",
    "power consumption operational": "45 W",
    "power consumption stand by": "2 W",
    "product name": "Asus VK278Q",
    "product rating": "0 out of 5",
    "resolution": "1920x1080 (more than 61%)",
    "response time": "2 ms (less than 89%)",
    "speakers power": "3 W",
    "synchronization range  horizontal": "92",
    "synchronization range  vertical": "85",
    "tv tuner": "Yes",
    "upc": "610839327058, 610839327003",
    "user controls": "Brightness / Color Temperature / Contrast / Tilt",
    "user reviews": "Write a review",
    "viewing angle": "170/160",
    "weight": "13.23 lb",
    "width": "64.30 cm"
}