{
    "<page title>": "Compare prices for Asus MB168B monitor, Asus MB 168B reviews - ShopMania",
    "backlight technology": "LED",
    "brand": "Asus",
    "brightness": "200",
    "category": [
        "Monitors",
        "Monitors"
    ],
    "connectors": "USB",
    "depth": "8 mm",
    "diagonal size": "15.6 inch",
    "display type": "LCD",
    "dot pitch": "0 mm",
    "ean": "4716659483632",
    "energy star compliant": "Yes",
    "height": "23.60 cm",
    "product name": [
        "Asus MB168B",
        "Asus MB168B"
    ],
    "product rating": [
        "0 out of 5",
        "0 out of 5"
    ],
    "resolution": "1920x1080 (more than 61%)",
    "response time": "11 ms",
    "stand": "Yes",
    "user controls": "Brightness / Contrast",
    "user reviews": [
        "Write a review",
        "Write a review"
    ],
    "width": "37.90 cm"
}