{
    "<page title>": "Compare prices for ViewSonic VX2270Smh-LED monitor, ViewSonic VX 2270Smh LED reviews - ShopMania",
    "aspect ratio": "16:9",
    "backlight technology": "LED",
    "brand": "ViewSonic",
    "brightness": "250",
    "category": [
        "Monitors",
        "Monitors"
    ],
    "connectors": "DVI / HDMI / VGA",
    "diagonal size": "21.5 inch",
    "display type": "LED",
    "dot pitch": "0 mm",
    "dynamic contrast ratio": "30000000:1 (more than 94%)",
    "ean": "0766907679212",
    "energy star compliant": "Yes",
    "hdmi ports": "1",
    "panel technology": "IPS",
    "power consumption operational": "26 W (less than 76%)",
    "product name": [
        "ViewSonic VX2270Smh-LED",
        "ViewSonic VX2270Smh-LED"
    ],
    "product rating": [
        "0 out of 5",
        "0 out of 5"
    ],
    "resolution": "1920x1080 (more than 61%)",
    "response time": "7 ms",
    "upc": "766907679212",
    "user controls": "Resize",
    "user reviews": [
        "Write a review",
        "Write a review"
    ],
    "viewing angle": "178/178",
    "weight": "7.94 lb"
}