{
    "<page title>": "Compare prices for Asus PB238Q monitor, Asus PB 238Q reviews - ShopMania",
    "aspect ratio": "16:9",
    "backlight technology": "LED",
    "brand": "Asus",
    "brightness": "250",
    "category": "Monitors",
    "connectors": "DisplayPort / HDMI",
    "contrast ratio": "1000:1",
    "depth": "5.80 cm",
    "diagonal size": "23\" (more than 66%)",
    "display type": "LED",
    "dot pitch": "0.265",
    "dynamic contrast ratio": "80000000:1 (more than 98%)",
    "ean": "4716659192497, 0886227211982",
    "energy star compliant": "Yes",
    "hdmi ports": "1",
    "height": "32.40 cm",
    "lowest recommended price": "$211.99 - Sears.com Show all prices \u00bb",
    "power consumption operational": "50 W",
    "power consumption stand by": "0.5 W (less than 78%)",
    "product name": "Asus PB238Q",
    "product rating": "0 out of 5",
    "resolution": "1920x1080 (more than 64%)",
    "response time": "6 ms",
    "speakers power": "2 W",
    "upc": "886227211982",
    "usb ports": "5",
    "user reviews": "Write a review",
    "viewing angle": "178/178",
    "weight": "11.02 lb",
    "width": "54.90 cm"
}