{
    "<page title>": "Compare prices for Asus VE198T monitor, Asus VE 198T reviews - ShopMania",
    "aspect ratio": "16:10",
    "backlight technology": "LED",
    "brand": "Asus",
    "brightness": "250",
    "category": [
        "Monitors",
        "Monitors"
    ],
    "color depth": "16.7",
    "connectors": "DVI / HDMI / VGA",
    "diagonal size": "19 inch",
    "display type": "LED",
    "dot pitch": "0 mm",
    "dynamic contrast ratio": "10000000:1 (more than 76%)",
    "ean": "4719543329146",
    "energy star compliant": "Yes",
    "features": "Asus Smart Contrast Ratio / Asus Splendid / HDCP / Skin-Tone Selection",
    "number of speakers": "2",
    "panel technology": "TN",
    "power consumption operational": "25 W (less than 78%)",
    "power consumption stand by": "1 W",
    "product name": [
        "Asus VE198T",
        "Asus VE198T"
    ],
    "product rating": [
        "0 out of 5",
        "0 out of 5"
    ],
    "resolution": "1440x900",
    "response time": "5 ms",
    "speakers power": "1 W",
    "synchronization range  horizontal": "80",
    "synchronization range  vertical": "75",
    "user controls": "Brightness / Contrast / Tilt",
    "user reviews": [
        "Write a review",
        "Write a review"
    ],
    "viewing angle": "170/160"
}