{
    "<page title>": "Compare prices for Asus VX279Q monitor, Asus VX 279Q reviews - ShopMania",
    "aspect ratio": "16:9",
    "backlight technology": "LED",
    "brand": "Asus",
    "brightness": "250",
    "category": [
        "Monitors",
        "Monitors"
    ],
    "color depth": "16.7",
    "connectors": "Audio / DVI / DisplayPort / HDMI / MHL / VGA / 3.5mm Jack",
    "depth": "210 mm",
    "diagonal size": "27 inch (more than 84%)",
    "display type": "LED",
    "dot pitch": "0 mm",
    "dynamic contrast ratio": "80000000:1 (more than 97%)",
    "ean": "4716659447436, 0886227447442",
    "energy star compliant": "Yes",
    "features": "HDCP",
    "hdmi ports": "1",
    "height": "44.10 cm",
    "panel technology": "AH-IPS",
    "power consumption operational": "29 W (less than 72%)",
    "power consumption stand by": "0.5 W (less than 78%)",
    "product name": [
        "Asus VX279Q",
        "Asus VX279Q"
    ],
    "product rating": [
        "0 out of 5",
        "0 out of 5"
    ],
    "resolution": "1920x1080 (more than 61%)",
    "response time": "5 ms",
    "speakers power": "1.5 W",
    "swivel": "Yes",
    "synchronization range  horizontal": "80",
    "upc": "886227447442",
    "user controls": "Contrast / Resize / Tilt",
    "user reviews": [
        "Write a review",
        "Write a review"
    ],
    "viewing angle": "178/178",
    "weight": "10.14 lb",
    "width": "62.30 cm"
}