{
    "<page title>": "Compare prices for Asus VS207D-P monitor, Asus VS 207D P reviews - ShopMania",
    "aspect ratio": "16:9",
    "backlight technology": "LED",
    "brand": "Asus",
    "brightness": "250",
    "category": [
        "Monitors",
        "Monitors"
    ],
    "color depth": "16.7",
    "diagonal size": "20 inch",
    "energy star compliant": "Yes",
    "product name": [
        "Asus VS207D-P",
        "Asus VS207D-P"
    ],
    "product rating": [
        "0 out of 5",
        "0 out of 5"
    ],
    "resolution": "1600x900",
    "response time": "9.5 ms",
    "user reviews": [
        "Write a review",
        "Write a review"
    ]
}