{
    "<page title>": "Compare prices for Dell E2014H monitor, Dell E 2014H reviews - ShopMania",
    "aspect ratio": "16:9",
    "backlight technology": "LED",
    "brand": "Dell",
    "brightness": "250",
    "cables included": "DVI",
    "category": "Monitors",
    "color depth": "16.7",
    "color gamut": "83%",
    "connectors": "DVI / USB / VGA",
    "contrast ratio": "1000:1",
    "depth": "46 mm",
    "diagonal size": "19.4 inch",
    "display type": "LED",
    "dot pitch": "0 mm",
    "ean": "0884116123439, 5397063347780",
    "energy star compliant": "Yes",
    "features": "HDCP",
    "height": "27.60 cm",
    "lowest recommended price": "$109.99 - Microsoft Store Show all prices \u00bb",
    "panel technology": "TN",
    "power consumption operational": "14 W (less than 99%)",
    "power consumption stand by": "0.5 W (less than 78%)",
    "product name": "Dell E2014H",
    "product rating": "0 out of 5",
    "resolution": "1600x900",
    "response time": "5 ms",
    "security lock slot": "Yes",
    "swivel": "Yes",
    "tv tuner": "Yes",
    "upc": "884116123439",
    "user controls": "Contrast / Tilt",
    "user reviews": "Write a review",
    "viewing angle": "170/160",
    "weight": "5.29 lb",
    "width": "47.39 cm"
}