{
    "<page title>": "Compare prices for Asus MX239H monitor, Asus MX 239H reviews - ShopMania",
    "aspect ratio": "16:9",
    "backlight technology": "LED",
    "brand": "Asus",
    "brightness": "250",
    "cables included": "Audio Cable",
    "category": "Monitors",
    "color depth": "16.7",
    "connectors": "DVI / HDMI",
    "contrast ratio": "1000:1",
    "depth": "207 mm",
    "diagonal size": "23\" (more than 66%)",
    "display type": "LCD",
    "dot pitch": "0.265",
    "dynamic contrast ratio": "80000000:1 (more than 98%)",
    "ean": "0886227265787, 4716659265740",
    "hdmi ports": "1",
    "height": "39.20 cm",
    "lowest recommended price": "$229 - ABT Show all prices \u00bb",
    "panel technology": "AH-IPS",
    "power consumption operational": "33 W (less than 63%)",
    "power consumption stand by": "0.5 W (less than 78%)",
    "product name": "Asus MX239H",
    "product rating": "0 out of 5",
    "resolution": "1920x1080 (more than 64%)",
    "response time": "5 ms",
    "speakers power": "3 W",
    "synchronization range  horizontal": "83",
    "upc": "886227265787",
    "user controls": "Resize",
    "user reviews": "Write a review",
    "viewing angle": "178/178",
    "weight": "6.61 lb",
    "width": "52.20 cm"
}