{
    "<page title>": "Compare prices for Asus VE278Q monitor, Asus VE 278Q reviews - ShopMania",
    "aspect ratio": "16:9",
    "backlight technology": "LED",
    "brand": "Asus",
    "brightness": "300",
    "cables included": "Audio Cable",
    "category": "Monitors",
    "color depth": "16.7",
    "connectors": "DVI / DisplayPort / HDMI / VGA",
    "contrast ratio": "1000:1",
    "depth": "220 mm",
    "diagonal size": "27\" (more than 86%)",
    "display type": "LED",
    "dot pitch": "0.311",
    "dynamic contrast ratio": "1000000:1 (more than 63%)",
    "ean": "3610170565864, 4719543326930, 5711045704789, 0610839326983",
    "energy star compliant": "Yes",
    "features": "Asus Smart Contrast Ratio / Asus Splendid / HDCP / Picture in picture / Skin-Tone Selection / Trace Free Technology",
    "hdmi ports": "1",
    "height": "44.60 cm",
    "lowest recommended price": "$289 - ABT Show all prices \u00bb",
    "panel technology": "TN",
    "power consumption operational": "45 W",
    "power consumption stand by": "2 W",
    "product name": "Asus VE278Q",
    "product rating": "0 out of 5",
    "resolution": "1920x1080 (more than 64%)",
    "response time": "2 ms (less than 89%)",
    "speakers power": "6 W",
    "synchronization range  horizontal": "92",
    "synchronization range  vertical": "85",
    "touchscreen": "Yes",
    "tv tuner": "Yes",
    "upc": "610839326983",
    "user controls": "Brightness / Contrast / Tilt",
    "user reviews": "Write a review",
    "viewing angle": "170/160",
    "weight": "13.23 lb",
    "width": "64.30 cm"
}