{
    "<page title>": "Compare prices for Asus VS24AH monitor, Asus VS 24AH reviews - ShopMania",
    "aspect ratio": "16:10",
    "backlight technology": "LED",
    "brand": "Asus",
    "brightness": "300",
    "category": [
        "Monitors",
        "Monitors"
    ],
    "color depth": "16.7",
    "connectors": "DVI / HDMI / VGA",
    "diagonal size": "24.1 inch (more than 83%)",
    "dot pitch": "0 mm",
    "dynamic contrast ratio": "80000000:1 (more than 97%)",
    "ean": "4716659415640",
    "energy star compliant": "Yes",
    "hdmi ports": "1",
    "panel technology": "IPS",
    "power consumption operational": "30 W (less than 67%)",
    "product name": [
        "Asus VS24AH",
        "Asus VS24AH"
    ],
    "product rating": [
        "0 out of 5",
        "0 out of 5"
    ],
    "resolution": "1920x1200 (more than 93%)",
    "response time": "5 ms",
    "synchronization range  horizontal": "83",
    "tv tuner": "Yes",
    "user reviews": [
        "Write a review",
        "Write a review"
    ],
    "viewing angle": "178/178"
}