{
    "<page title>": "Compare prices for ViewSonic VA2703 monitor, ViewSonic VA 2703 reviews - ShopMania",
    "backlight technology": "LED",
    "brand": "ViewSonic",
    "brightness": "300",
    "category": [
        "Monitors",
        "Monitors"
    ],
    "ean": "0766907592818, 0766907592924",
    "energy star compliant": "Yes",
    "product name": [
        "ViewSonic VA2703",
        "ViewSonic VA2703"
    ],
    "product rating": [
        "0 out of 5",
        "0 out of 5"
    ],
    "resolution": "1920x1080 (more than 61%)",
    "upc": "766907592818, 766907592924",
    "user reviews": [
        "Write a review",
        "Write a review"
    ]
}