{
    "<page title>": "Compare prices for Asus VK228H monitor, Asus VK 228H reviews - ShopMania",
    "aspect ratio": "16:9",
    "backlight technology": "LED",
    "brand": "Asus",
    "brightness": "250",
    "cables included": "USB / VGA",
    "category": [
        "Monitors",
        "Monitors"
    ],
    "color depth": "16.7",
    "connectors": "Audio / DVI / HDMI / USB / VGA / 3.5mm Jack",
    "contrast ratio": "1000:1",
    "depth": "4.80 cm",
    "diagonal size": "21.5 inch",
    "display type": "LED",
    "dot pitch": "0 mm",
    "dynamic contrast ratio": "80000000:1 (more than 97%)",
    "ean": "4716659096566, 0886227096565, 0886227096572",
    "energy star compliant": "Yes",
    "features": "Asus Smart Contrast Ratio / HDCP",
    "hdmi ports": "1",
    "height": "38.70 cm",
    "power consumption operational": "25 W (less than 78%)",
    "power consumption stand by": "0.5 W (less than 78%)",
    "product name": [
        "Asus VK228H",
        "Asus VK228H"
    ],
    "product rating": [
        "0 out of 5",
        "0 out of 5"
    ],
    "resolution": "1920x1080 (more than 61%)",
    "response time": "5 ms",
    "speakers power": "2 W",
    "swivel": "Yes",
    "synchronization range  horizontal": "82",
    "touchscreen": "Yes",
    "tv tuner": "Yes",
    "upc": "886227096565, 886227096572",
    "usb ports": "1",
    "user controls": "Brightness / Contrast",
    "user reviews": [
        "Write a review",
        "Write a review"
    ],
    "viewing angle": "170/160",
    "weight": "6.61 lb",
    "width": "51.40 cm"
}