{
    "<page title>": "Compare prices for Dell P2714T monitor, Dell P 2714T reviews - ShopMania",
    "aspect ratio": "16:9",
    "backlight technology": "LED",
    "brand": "Dell",
    "brightness": "270",
    "category": "Monitors",
    "color depth": "16.7",
    "connectors": "DVI / DisplayPort / HDMI / MHL / USB / VGA",
    "contrast ratio": "1000:1",
    "diagonal size": "27 inch (more than 84%)",
    "dot pitch": "0 mm",
    "dynamic contrast ratio": "8000000:1 (more than 74%)",
    "energy star compliant": "Yes",
    "hdmi ports": "1",
    "lowest recommended price": "$699.99 - Dell Small Business Show all prices \u00bb",
    "power consumption operational": "19 W (less than 94%)",
    "product name": "Dell P2714T",
    "product rating": "0 out of 5",
    "resolution": "1920x1080 (more than 61%)",
    "response time": "8 ms",
    "swivel": "Yes",
    "touchscreen": "Yes",
    "tv tuner": "Yes",
    "user controls": "Contrast / Tilt",
    "user reviews": "Write a review",
    "viewing angle": "178/178",
    "weight": "20.50 lb"
}