{
    "<page title>": "Compare prices for Asus PB278Q monitor, Asus PB 278Q reviews - ShopMania",
    "aspect ratio": "16:9",
    "backlight technology": "LED",
    "brand": "Asus",
    "brightness": "300",
    "category": [
        "Monitors",
        "Monitors"
    ],
    "connectors": "Audio / DVI / DisplayPort / HDMI / VGA / 3.5mm Jack",
    "contrast ratio": "1000:1",
    "depth": "70 mm",
    "diagonal size": "27 inch (more than 84%)",
    "display type": "LED",
    "dot pitch": "0 mm",
    "dynamic contrast ratio": "80000000:1 (more than 97%)",
    "ean": "4716659236511, 0886227236510, 0886227236565",
    "energy star compliant": "Yes",
    "features": "Asus Smart Contrast Ratio / HDCP",
    "hdmi ports": "1",
    "height": "38.60 cm",
    "panel technology": "PLS",
    "power consumption operational": "60 W",
    "power consumption stand by": "0.5 W (less than 78%)",
    "product name": [
        "Asus PB278Q",
        "Asus PB278Q"
    ],
    "product rating": [
        "0 out of 5",
        "0 out of 5"
    ],
    "resolution": "2560x1024 (more than 98%)",
    "response time": "5 ms",
    "speakers power": "3 W",
    "swivel": "Yes",
    "synchronization range  horizontal": "89",
    "tv tuner": "Yes",
    "upc": "886227236510, 886227236565",
    "user controls": "Contrast / Gamma Correction / Resize / Tilt",
    "user reviews": [
        "Write a review",
        "Write a review"
    ],
    "viewing angle": "178/178",
    "weight": "19.40 lb",
    "width": "64.30 cm"
}