{
    "<page title>": "Compare prices for Asus VX229H monitor, Asus VX 229H reviews - ShopMania",
    "aspect ratio": "16:9",
    "backlight technology": "LED",
    "brand": "Asus",
    "brightness": "250",
    "category": [
        "Monitors",
        "Monitors"
    ],
    "color depth": "16.7",
    "connectors": "Audio / DVI / HDMI / MHL / VGA / 3.5mm Jack",
    "contrast ratio": "1000:1",
    "depth": "210 mm",
    "diagonal size": "21.5 inch",
    "dot pitch": "0 mm",
    "dynamic contrast ratio": "80000000:1 (more than 97%)",
    "ean": "4716659530954",
    "energy star compliant": "Yes",
    "features": "Asus Smart Contrast Ratio / HDCP / Skin-Tone Selection",
    "hdmi ports": "2",
    "height": "37.10 cm",
    "power consumption operational": "26 W (less than 76%)",
    "product name": [
        "Asus VX229H",
        "Asus VX229H"
    ],
    "product rating": [
        "0 out of 5",
        "0 out of 5"
    ],
    "resolution": "1920x1080 (more than 61%)",
    "response time": "5 ms",
    "security lock slot": "Yes",
    "speakers power": "2 W",
    "synchronization range  horizontal": "80",
    "user controls": "Brightness / Contrast / Sharpness / Tilt",
    "user reviews": [
        "Write a review",
        "Write a review"
    ],
    "viewing angle": "178/178",
    "width": "50 cm"
}