{
    "<page title>": "Compare prices for BenQ PG2401PT monitor, BenQ PG 2401PT reviews - ShopMania",
    "backlight technology": "LED",
    "brand": "BenQ",
    "brightness": "350 (more than 85%)",
    "category": [
        "Monitors",
        "Monitors"
    ],
    "connectors": "DVI / HDMI / USB",
    "contrast ratio": "1000:1",
    "panel technology": "IPS",
    "product name": [
        "BenQ PG2401PT",
        "BenQ PG2401PT"
    ],
    "product rating": [
        "0 out of 5",
        "0 out of 5"
    ],
    "resolution": "1920x1200 (more than 93%)",
    "swivel": "Yes",
    "user reviews": [
        "Write a review",
        "Write a review"
    ],
    "viewing angle": "178/178"
}