{
    "<page title>": "Compare prices for ViewSonic VA2232WM monitor, ViewSonic VA 2232WM reviews - ShopMania",
    "aspect ratio": "16:10",
    "backlight technology": "W-LED",
    "brand": "ViewSonic",
    "brightness": "250",
    "category": [
        "Monitors",
        "Monitors"
    ],
    "color depth": "16.7",
    "color temperature": "5000K / 6500K / 7500K / 9300K",
    "connectors": "DVI / VGA",
    "contrast ratio": "1000:1",
    "diagonal size": "22 inch (more than 50%)",
    "display type": "LCD",
    "dot pitch": "0 mm",
    "dynamic contrast ratio": "100000:1 (more than 56%)",
    "ean": "0766907403329, 0001686831308, 0766907603910",
    "energy star compliant": "Yes",
    "mtbf": "50,000h",
    "power consumption operational": "45 W",
    "product name": [
        "ViewSonic VA2232WM",
        "ViewSonic VA2232WM"
    ],
    "product rating": [
        "0 out of 5",
        "0 out of 5"
    ],
    "resolution": "1680x1050",
    "response time": "5 ms",
    "synchronization range  horizontal": "82",
    "synchronization range  vertical": "75",
    "upc": "766907403329, 001686831308, 766907603910",
    "user reviews": [
        "Write a review",
        "Write a review"
    ],
    "viewing angle": "170/160"
}