{
    "<page title>": "Compare prices for BenQ GW2265HM monitor, BenQ GW 2265HM reviews - ShopMania",
    "aspect ratio": "16:9",
    "backlight technology": "LED",
    "brand": "BenQ",
    "brightness": "250",
    "category": [
        "Monitors",
        "Monitors"
    ],
    "connectors": "DVI / HDMI / VGA",
    "contrast ratio": "3000:1 (more than 88%)",
    "diagonal size": "21.5 inch",
    "display type": "LED",
    "dot pitch": "0 mm",
    "dynamic contrast ratio": "20000000:1 (more than 85%)",
    "energy star compliant": "Yes",
    "hdmi ports": "1",
    "panel technology": "VA",
    "power consumption operational": "30 W (less than 67%)",
    "power consumption stand by": "1 W",
    "product name": [
        "BenQ GW2265HM",
        "BenQ GW2265HM"
    ],
    "product rating": [
        "0 out of 5",
        "0 out of 5"
    ],
    "resolution": "1920x1080 (more than 61%)",
    "response time": "6 ms",
    "swivel": "Yes",
    "user reviews": [
        "Write a review",
        "Write a review"
    ],
    "viewing angle": "178/178",
    "weight": "7.72 lb"
}