{
    "<page title>": "Compare prices for Asus VH196T monitor, Asus VH 196T reviews - ShopMania",
    "aspect ratio": "16:10",
    "brand": "Asus",
    "brightness": "300",
    "category": [
        "Monitors",
        "Monitors"
    ],
    "color depth": "16.7",
    "connectors": "DVI / VGA",
    "contrast ratio": "5000:1 (more than 96%)",
    "diagonal size": "19 inch",
    "display type": "LCD",
    "dot pitch": "0 mm",
    "dynamic contrast ratio": "5000:1",
    "energy star compliant": "Yes",
    "features": "Asus Smart Contrast Ratio / Asus Splendid / HDCP / Skin-Tone Selection",
    "number of speakers": "2",
    "power consumption operational": "30 W (less than 67%)",
    "power consumption stand by": "1 W",
    "product name": [
        "Asus VH196T",
        "Asus VH196T"
    ],
    "product rating": [
        "5 out of 5",
        "5 out of 5"
    ],
    "resolution": "1440x900",
    "response time": "5 ms",
    "speakers power": "1 W",
    "synchronization range  horizontal": "80",
    "synchronization range  vertical": "75",
    "user controls": "Brightness / Contrast / Tilt",
    "user reviews": [
        "Read reviews\nWrite a review",
        "Write a review"
    ],
    "viewing angle": "160/160"
}