{
    "<page title>": "3M C2234SW  22 CHASSIS 98-0003-3598-8 Microtouch",
    "aspect ratio": "Widescreen",
    "brightness": "250 cd/m2",
    "brightness wtouchscreen": "225 cd/m2",
    "colour support": "16.7 million colours",
    "compliant standards": "FCC Class B certified, TUV, CCC, RoHS",
    "contrast ratio": "1000:1",
    "description technical detail": "3M C2234SW (98-0003-3598-8) 22\" Serial/USB Capacitive Touchscreen Monitor\nThe 22-inch 3M MicroTouch display C2234SW, a robust metal chassis display using 3Ms industry-standard surface capacitive touch technology, provides a durable, optically-enhanced, and engaging large form factor display for use in industrial automation equipment and kiosk enclosures. The C2234SW display offers multiple mounting options to make integration easy. A remote on-screen display module helps simplify any changes to the display image during installation or system maintenance.",
    "diagonal size": "22\"",
    "dimensions wxdxh": "50 cm x 5.187 cm x 32.84 cm",
    "display type": "LCD monitor / TFT active matrix",
    "features": "MicroTouch SCT System, ClearTek Hard Coat",
    "flat panel mount interface": "100 x 100 mm",
    "horizontal viewing angle": "170",
    "interfaces": "VGA \u00c2\u00a6 DVI \u00c2\u00a6 USB \u00c2\u00a6 Serial \u00c2\u00a6 Audio line-in",
    "manufacturer": "Microtouch",
    "manufacturer part ": "98-0003-3598-8",
    "max operating temperature": "40 \u00c2\u00b0C",
    "min operating temperature": "0 \u00c2\u00b0C",
    "native resolution": "1680 x 1050",
    "os required": "Apple MacOS, Linux, Microsoft Windows Vista / XP / 7",
    "output power  channel": "3 Watt",
    "pixel pitch": "0.282 mm",
    "power consumption operational": "40 Watt",
    "power supply": "External",
    "response time": "5 ms",
    "service  support": "3 years warranty",
    "service  support details": "Limited warranty - 3 years",
    "type": [
        "Speakers",
        "Touch-screen"
    ],
    "vertical viewing angle": "160",
    "weight": "6.4 kg"
}