{
    "<page title>": "E2260SWDA, 2518432, AOC, LCD Monitor, JR Linton",
    "adjustable display angle": "Yes",
    "adjustable display height": "No",
    "adjustable display pivot": "No",
    "aspect ratio": "16:9",
    "backlight technology": "LED",
    "brand name": "AOC",
    "brightness": "250 cd/m\u00b2",
    "builtin devices": "Speaker",
    "certifications  standards": "CEFCCISO 9241-307TUV-GS",
    "colour": "Black",
    "colour support": "16.7 Million Colours",
    "contrast ratio": "1,000:1",
    "depth": "185 mm",
    "displayport": "No",
    "dvi": "Yes",
    "features": "Security Lock",
    "green compliance certificateauthority": [
        "RoHS",
        "ENERGY STAR 5.0",
        "TCO Displays 5.0",
        "EPEAT Gold"
    ],
    "green compliant": "Yes",
    "hdcp supported": "Yes",
    "hdmi": "No",
    "height": "373 mm",
    "horizontal viewing angle": "170\u00b0",
    "input voltage": [
        "110 V AC",
        "220 V AC"
    ],
    "manufacturer": "AOC",
    "manufacturer part number": "E2260SWDA",
    "maximum resolution": "1920 x 1080",
    "mount type": "Wall Mountable",
    "number of screens": "1",
    "package contents": "LED Monitor - e2260Swda Professional 54.7cm (21.5\")Power CableD-Sub CableDVI-D CableAudio CableWarranty Card",
    "platform supported": "PC",
    "product line": "Professional",
    "product model": "e2260Swda",
    "product name": "LED Monitor - e2260Swda Professional 54.7cm (21.5\")",
    "product type": "LCD Monitor",
    "response time": "5 ms",
    "screen mode": "Full HD",
    "screen size": "54.6 cm (21.5\")",
    "speakers": "Yes",
    "standard refresh rate": "60 Hz",
    "vertical viewing angle": "160\u00b0",
    "vesa mount compatible": "Yes",
    "vesa mount standard": "100 x 100",
    "vga": "Yes",
    "width": "511 mm"
}