{
    "<page title>": "272P4QPJKEB/00, Philips, LCD Monitor, JR Linton",
    "adjustable display angle": "Yes",
    "adjustable display height": "Yes",
    "adjustable display pivot": "Yes",
    "aspect ratio": "16:9",
    "backlight technology": "LED",
    "brand name": "Philips",
    "brightness": "300 cd/m\u00b2",
    "builtin devices": [
        "USB Hub",
        "Webcam",
        "Microphone"
    ],
    "contrast ratio": "1,000:1",
    "displayport": "Yes",
    "dvi": "Yes",
    "features": "SmartImage",
    "green compliance certificateauthority": [
        "EPEAT Gold",
        "ENERGY STAR",
        "TCO Certified Edge"
    ],
    "green compliant": "Yes",
    "hdmi": "Yes",
    "horizontal viewing angle": "178\u00b0",
    "input voltage": [
        "220 V AC",
        "110 V AC"
    ],
    "manufacturer": "Philips Electronics",
    "manufacturer part number": "272P4QPJKEB/00",
    "maximum resolution": "2560 x 1440",
    "number of screens": "1",
    "platform supported": [
        "Mac",
        "PC"
    ],
    "product model": "272P4QPJKEB",
    "product name": "272P4QPJKEB Widescreen LCD Monitor",
    "product type": "LCD Monitor",
    "response time": "6 ms",
    "screen mode": "QHD",
    "screen size": "68.6 cm (27\")",
    "usb": "Yes",
    "usb standard": "USB 3.0",
    "vertical viewing angle": "178\u00b0",
    "vesa mount compatible": "Yes"
}