{
    "<page title>": "298P4QJEB/00, Philips, LCD Monitor, JR Linton",
    "adjustable display angle": "Yes",
    "adjustable display height": "Yes",
    "adjustable display pivot": "Yes",
    "aspect ratio": "22:9",
    "backlight technology": "LED",
    "brand name": "Philips",
    "brightness": "300 cd/m\u00b2",
    "builtin devices": "USB Hub",
    "contrast ratio": "1,000:1",
    "displayport": "Yes",
    "dvi": "Yes",
    "features": "SmartImage",
    "green compliance certificateauthority": [
        "TCO Certified Edge",
        "ENERGY STAR",
        "EPEAT Gold"
    ],
    "green compliant": "Yes",
    "hdmi": "Yes",
    "horizontal viewing angle": "178\u00b0",
    "input voltage": [
        "110 V AC",
        "220 V AC"
    ],
    "manufacturer": "Philips Electronics",
    "manufacturer part number": "298P4QJEB/00",
    "maximum resolution": "2560 x 1080",
    "number of screens": "1",
    "platform supported": [
        "PC",
        "Mac"
    ],
    "product model": "298P4QJEB",
    "product name": "298P4QJEB Widescreen LCD Monitor",
    "product type": "LCD Monitor",
    "response time": "7 ms",
    "screen size": "73.7 cm (29\")",
    "usb": "Yes",
    "usb standard": "USB 3.0",
    "vertical viewing angle": "178\u00b0",
    "vesa mount compatible": "Yes"
}