{
    "<page title>": "242G5DJEB/00, 2780477, Philips, LCD Monitor, JR Linton",
    "adjustable display angle": "Yes",
    "adjustable display height": "Yes",
    "adjustable display pivot": "Yes",
    "aspect ratio": "16:9",
    "backlight technology": "LED",
    "brand name": "Philips",
    "brightness": "350 cd/m\u00b2",
    "builtin devices": "USB Hub",
    "certifications  standards": "BSMI CE Mark FCC Class B GOST PSB SASO SEMKO TUV Ergo TUV/GS cETLus",
    "colour": "Textured Black",
    "colour support": "16.7 Million Colours",
    "contrast ratio": "1,000:1",
    "depth": "63 mm",
    "depth with stand": "220 mm",
    "displayport": "Yes",
    "dvi": "Yes",
    "features": [
        "SmartResponse",
        "Security Lock",
        "Sync on Green",
        "Mobile High-Definition Link (MHL)",
        "SmartImage"
    ],
    "green compliance certificateauthority": [
        "TCO",
        "RoHS",
        "EPEAT Silver",
        "ENERGY STAR 6.0",
        "WEEE"
    ],
    "green compliant": "Yes",
    "hdcp supported": "Yes",
    "hdmi": "Yes",
    "height": "354 mm",
    "height with stand": "517 mm",
    "horizontal viewing angle": "170\u00b0",
    "input voltage": [
        "220 V AC",
        "110 V AC"
    ],
    "limited warranty": "2 Year",
    "manufacturer": "Philips Electronics",
    "manufacturer part number": "242G5DJEB/00",
    "maximum resolution": "1920 x 1080",
    "number of screens": "1",
    "offmode power consumption": "300 mW",
    "operating power consumption": "18.58 W",
    "platform supported": [
        "Mac",
        "PC"
    ],
    "product line": "Brilliance",
    "product model": "242G5DJEB",
    "product name": "Brilliance LCD Monitor with SmartImage Game 242G5DJEB 144Hz 24\" / 61 cm",
    "product type": "LCD Monitor",
    "response time": "1 ms",
    "screen mode": "Full HD",
    "screen size": "61 cm (24\")",
    "standard refresh rate": "144 Hz",
    "standby power consumption": "500 mW",
    "usb": "Yes",
    "usb standard": "USB 3.0",
    "vertical viewing angle": "160\u00b0",
    "vesa mount compatible": "Yes",
    "vesa mount standard": "100 x 100",
    "vga": "Yes",
    "weight approximate": "4.13 kg",
    "weight with stand approximate": "6.27 kg",
    "width": "565 mm",
    "width with stand": "565 mm"
}