{
    "<page title>": "223V5LHSB/00, PHI-223V5LHSB/00, Philips, LCD Monitor, JR Linton",
    "adjustable display angle": "Yes",
    "adjustable display height": "No",
    "adjustable display pivot": "No",
    "aspect ratio": "16:9",
    "backlight technology": "LED",
    "brand name": "Philips",
    "brightness": "250 cd/m\u00b2",
    "certifications  standards": "BSMI CE Mark FCC Class B GOST PSB SASO SEMKO TUV/ISO9241-307 cETLus",
    "colour": "Black",
    "colour support": "16.7 Million Colours",
    "contrast ratio": "1,000:1",
    "depth": "50 mm",
    "depth with stand": "213 mm",
    "dvi": "No",
    "features": [
        "Security Lock",
        "Sync on Green",
        "SmartContrast",
        "SmartControl"
    ],
    "green compliance certificateauthority": [
        "TCO Certified Displays",
        "WEEE",
        "RoHS",
        "EPEAT Silver",
        "ENERGY STAR 6.0"
    ],
    "green compliant": "Yes",
    "hdcp supported": "Yes",
    "hdmi": "Yes",
    "height": "316 mm",
    "height with stand": "376 mm",
    "horizontal viewing angle": "170\u00b0",
    "input voltage": [
        "220 V AC",
        "110 V AC"
    ],
    "manufacturer": "Philips Electronics",
    "manufacturer part number": "223V5LHSB/00",
    "maximum resolution": "1920 x 1080",
    "mount type": "Wall Mountable",
    "network rj45": "No",
    "number of screens": "1",
    "offmode power consumption": "500 mW",
    "operating power consumption": "15.85 W",
    "platform supported": [
        "Mac",
        "PC"
    ],
    "product line": "V-line",
    "product model": "223V5LHSB",
    "product name": "LCD Monitor with SmartControl Lite",
    "product type": "LCD Monitor",
    "response time": "5 ms",
    "screen mode": "Full HD",
    "screen size": "54.6 cm (21.5\")",
    "speakers": "No",
    "standard refresh rate": "60 Hz",
    "standby power consumption": "500 mW",
    "system requirements": "Operating Systems:\nWindows 7 Home Basic Windows 7 Home Basic x64 Windows 7 Home Premium Windows 7 Home Premium x64 Windows 7 Professional Windows 7 Professional x64 Windows 7 Starter Windows 7 Starter x64 Windows 7 Ultimate Windows 7 Ultimate x64 Windows 8 Windows 8 Enterprise Windows 8 Enterprise x64 Windows 8 Pro Windows 8 Pro x64 Windows 8 x64",
    "vertical viewing angle": "160\u00b0",
    "vesa mount compatible": "Yes",
    "vesa mount standard": "100 x 100",
    "vga": "Yes",
    "webcam": "No",
    "weight approximate": "2.35 kg",
    "weight with stand approximate": "2.61 kg",
    "width": "503 mm",
    "width with stand": "503 mm"
}