{
    "<page title>": "271P4QPJKEB, PHIMON563, Philips, LCD Monitor, JR Linton",
    "adjustable display angle": "Yes",
    "adjustable display height": "Yes",
    "adjustable display pivot": "Yes",
    "aspect ratio": "16:9",
    "backlight technology": "LED",
    "brand name": "Philips",
    "brightness": "300 cd/m\u00b2",
    "builtin devices": [
        "USB Hub",
        "Speaker",
        "Microphone"
    ],
    "certifications  standards": "BSMI CE Mark FCC Class B GOST SASO SEMKO TUV Ergo TUV/GS UL/cUL",
    "colour": "Black",
    "colour support": "16.7 Million Colours",
    "contrast ratio": "5,000:1",
    "depth": "64 mm",
    "depth with stand": "242 mm",
    "displayport": "Yes",
    "dvi": "Yes",
    "features": [
        "Security Lock",
        "SmartImage",
        "Sync on Green",
        "Cable Management",
        "SmartErgoBase",
        "PowerSensor"
    ],
    "green compliance certificateauthority": [
        "ENERGY STAR 5.0",
        "TCO Certified Edge",
        "EPEAT Gold",
        "RoHS",
        "WEEE"
    ],
    "green compliant": "Yes",
    "hdmi": "Yes",
    "headphone": "Yes",
    "height": "405 mm",
    "height with stand": "580 mm",
    "horizontal viewing angle": "178\u00b0",
    "input voltage": [
        "220 V AC",
        "110 V AC"
    ],
    "manufacturer": "Philips Electronics",
    "manufacturer part number": "271P4QPJKEB",
    "maximum resolution": "1920 x 1080",
    "number of screens": "1",
    "number of speakers": "2",
    "offmode power consumption": "0 mW",
    "operating power consumption": "27.60 W",
    "panel technology": "Advanced-Multi-domain Vertical Alignment (A-MVA)",
    "platform supported": [
        "Mac",
        "PC"
    ],
    "postconsumerwaste": "65%",
    "product line": "Brilliance",
    "product model": "271P4QPJKEB",
    "product name": "Brilliance AMVA LCD Monitor LED Backlight with Webcam",
    "product type": "LCD Monitor",
    "recycled": "Yes",
    "recycled content": "Plastic",
    "response time": "6 ms",
    "screen mode": "Full HD",
    "screen size": "68.6 cm (27\")",
    "speakers": "Yes",
    "standard refresh rate": "60 Hz",
    "standby power consumption": "300 mW",
    "usb": "Yes",
    "usb standard": "USB 2.0",
    "vertical viewing angle": "178\u00b0",
    "vesa mount compatible": "Yes",
    "vesa mount standard": "100 x 100",
    "vga": "Yes",
    "webcam": "Yes",
    "weight approximate": "5.10 kg",
    "weight with stand approximate": "7.50 kg",
    "width": "639 mm",
    "width with stand": "639 mm"
}