{
    "<page title>": "Compare prices for Asus VS238H monitor, Asus VS 238H reviews - ShopMania",
    "aspect ratio": "16:9",
    "backlight technology": "LED",
    "brand": "Asus",
    "brightness": "250",
    "cables included": "DVI / VGA",
    "category": [
        "Monitors",
        "Monitors"
    ],
    "color depth": "16.7",
    "connectors": "Audio / DVI / HDMI / VGA / 3.5mm Jack",
    "contrast ratio": "1000:1",
    "depth": "200 cm",
    "diagonal size": "23 inch (more than 64%)",
    "display type": "LED",
    "dot pitch": "0 mm",
    "dynamic contrast ratio": "50000000:1 (more than 94%)",
    "ean": "0610839380879, 4719543367889, 4716659370413",
    "energy star compliant": "Yes",
    "features": "Asus Smart Contrast Ratio / Asus Splendid / HD Ready / HDCP / Skin-Tone Selection",
    "hdmi ports": "1",
    "height": "0 cm",
    "panel technology": "TN",
    "power consumption operational": "27 W (less than 75%)",
    "power consumption stand by": "0.5 W (less than 78%)",
    "product name": [
        "Asus VS238H",
        "Asus VS238H"
    ],
    "product rating": [
        "0 out of 5",
        "0 out of 5"
    ],
    "resolution": "1920x1080 (more than 61%)",
    "response time": "2 ms (less than 89%)",
    "swivel": "Yes",
    "synchronization range  horizontal": "80",
    "synchronization range  vertical": "75",
    "tv tuner": "Yes",
    "upc": "610839380879",
    "user controls": "Brightness / Color Temperature / Contrast / Tilt",
    "user reviews": [
        "Write a review",
        "Write a review"
    ],
    "viewing angle": "170/160",
    "weight": "7.50 lb",
    "width": "552 cm"
}