{
    "<page title>": "Compare prices for Asus VS197D monitor, Asus VS 197D reviews - ShopMania",
    "aspect ratio": "16:9",
    "backlight technology": "LED",
    "brand": "Asus",
    "brightness": "250",
    "cables included": "VGA",
    "category": [
        "Monitors",
        "Monitors"
    ],
    "color depth": "16.7",
    "connectors": "VGA",
    "contrast ratio": "1000:1",
    "depth": "185 mm",
    "diagonal size": "19 inch",
    "display type": "LED",
    "dot pitch": "0 mm",
    "dynamic contrast ratio": "50000000:1 (more than 94%)",
    "ean": "5711045505058, 4719543380901, 0610839379095, 0886227339709, 4716659339700",
    "energy star compliant": "Yes",
    "features": "Asus Smart Contrast Ratio / Asus Splendid / HDCP / Skin-Tone Selection / Trace Free Technology",
    "height": "34.60 cm",
    "panel technology": "TN",
    "power consumption operational": "25 W (less than 78%)",
    "power consumption stand by": "0.5 W (less than 78%)",
    "product name": [
        "Asus VS197D",
        "Asus VS197D"
    ],
    "product rating": [
        "0 out of 5",
        "0 out of 5"
    ],
    "resolution": "1366x768",
    "response time": "5 ms",
    "security lock slot": "Yes",
    "stand": "Yes",
    "synchronization range  horizontal": "80",
    "synchronization range  vertical": "75",
    "tv tuner": "Yes",
    "upc": "610839379095, 886227339709",
    "user controls": "Brightness / Color Temperature / Contrast / Tilt",
    "user reviews": [
        "Write a review",
        "Write a review"
    ],
    "viewing angle": "170/160",
    "weight": "4.41 lb",
    "width": "44.70 cm"
}