{
    "<page title>": "ASUS VG278HE 27\" Wide LED Black Multimedia 3D Monitor (1920x1080/2ms/VGA/HDMI/DVI/Headphone Jack) : Monitors : Monitors : Nexus Technology UK, Colchester, Essex",
    "aspect ratio": "16:9",
    "audio": "2 x 3W, Stereo, RMS",
    "backlight": "LED",
    "brightness": "300 cd/m\u00c2\u00b2",
    "click image to enlarge": "\u00c2\u00a3293.62\n\u00c2\u00a3352.34 inc VAT\n40 Available\nAvailable for next day delivery if ordered before 5pm",
    "colours": "16.7 Million",
    "compliance": "ErP, UL/cUL, CB, CE, FCC, CCC, BSMI, Gost-R, C-Tick, VCCI, J-MOSS, PSB, RoHS, WEEE, Windows 7 WHQL",
    "dvid ports": "1",
    "dynamic contrast ratio": "50, 000, 000:1",
    "ean": "4716659160144",
    "energy star": "Yes",
    "gross weight": "11.6Kg",
    "hdmi ports": "1",
    "headphone jacks": "1",
    "height adjustment": "100mm",
    "horizontal frequency range": "24KHz - 140KHz",
    "horizontal viewing angle": "170\u00c2\u00b0",
    "input power source": "Power Lead",
    "keywords": "Monitors, LCD, LED, LED Backlight, 27\", 2ms, 16:9, 3D, 3D Vision, HDMI, Full HD, Height, Height adjustment, VESA, VESA Wall Mounting, Widescreen, NVIDIA 3D Vision 2, NVIDIA 3D LightBoost",
    "line in jacks": "1",
    "manufacturer": "ASUS",
    "model number": "VG278HE",
    "net weight": "8.1Kg",
    "normal power consumption": "65W",
    "package contents": "Monitor, Dual-link DVI lead, VGA lead, Audio lead, UK Power cord, Quick start guide",
    "package height": "22cm",
    "package length": "71cm",
    "package type": "Retail",
    "package width": "54cm",
    "pixel pitch": "0.311mm",
    "product code": "NEX-106678",
    "product group": "Monitors",
    "product height": "437mm",
    "product height without stand": "385.6mm",
    "product length": "248.7mm",
    "product length without stand": "59.5mm",
    "product name": "ASUS VG278HE 27\" Wide LED Black Multimedia 3D Monitor (1920x1080/2ms/VGA/HDMI/DVI/Headphone Jack)",
    "product width": "643mm",
    "product width without stand": "643mm",
    "recommend resolution": "1920 x 1080",
    "response time": "2ms (GTG)",
    "royal mail compliance": "Not Compliant",
    "screen features": "NVIDIA 3D Vision 2 Ready",
    "screen size": "27\"",
    "screen type": "LCD",
    "speakers": "Intergrated",
    "special features": "Flicker-free 3D Images with NVIDIA 3D Vision 2, NVIDIA 3D LightBoost Technology, 144Hz Rapid Refresh Rate with 2ms Response Time, Advanced Dual-Side LCD Driving Technology, Splendid Video Intelligence Technology",
    "standby power consumption": "1W",
    "swivel lr": "+150\u00c2\u00b0/-150\u00c2\u00b0",
    "tilt angle": "-5\u00c2\u00b0/15\u00c2\u00b0",
    "unit colour front": "Black",
    "unit colour rear": "Black",
    "unit colour stand": "Black",
    "upc": "886227160143",
    "vertical frequency range": "50Hz - 120Hz",
    "vertical viewing angle": "160\u00c2\u00b0",
    "vga ports": "1",
    "wall mount": "VESA 100mm x 100mm",
    "warranty direct with manufacturer": "3 Years On Site",
    "web address": "www.asus.com"
}