{
    "<page title>": "BENQ XL2420Z 24\" Wide LED Black Monitor (1920x1080/1ms/VGA/DVI/2xHDMI/DP/3D-ready) : Monitors : Monitors : Nexus Technology UK, Colchester, Essex",
    "aspect ratio": "16:9",
    "backlight": "LED",
    "brightness": "350 cd/m\u00c2\u00b2",
    "click image to enlarge": "\u00c2\u00a3305.11\n\u00c2\u00a3366.13 inc VAT\n199 Available\nAvailable for next day delivery if ordered before 5pm",
    "colours": "16.7 Million",
    "contrast ratio": "1000:1",
    "displayports": "1",
    "dvid ports": "1",
    "dynamic contrast ratio": "12, 000, 000:1",
    "ean": "4718755051562",
    "gross weight": "9.2Kg",
    "hdmi ports": "2",
    "headphone jacks": "1",
    "height adjustment": "130mm",
    "horizontal viewing angle": "170\u00c2\u00b0",
    "input power source": "Power Lead",
    "keywords": "Monitors, 24\", 16:9, 1920 x 1080, 1ms, HDMI, DisplayPort, Flicker-free, Senseye, HDCP, VESA, Swivel, Tilt, Pivot, High Adjustment, K Locker, 3D, NVIDIA, 3D Vision 2",
    "manufacturer": "BENQ",
    "model number": "XL2420Z",
    "normal power consumption": "24W",
    "package contents": "Monitor, UK Power lead",
    "package height": "23.3cm",
    "package length": "65.2cm",
    "package type": "Retail",
    "package width": "45.6cm",
    "pivot": "90\u00c2\u00b0",
    "pixel pitch": "0.276mm",
    "product code": "NEX-109912",
    "product group": "Monitors",
    "product height": "516mm",
    "product height without stand": "337mm",
    "product length": "149mm",
    "product length without stand": "62mm",
    "product name": "BENQ XL2420Z 24\" Wide LED Black Monitor (1920x1080/1ms/VGA/DVI/2xHDMI/DP/3D-ready)",
    "product width": "571mm",
    "product width without stand": "571mm",
    "recommend resolution": "1920 x 1080",
    "response time": "1ms (GTG)",
    "royal mail compliance": "Not Compliant",
    "screen features": "Full HD, NVIDIA 3D Vision 2 Ready",
    "screen size": "24\"",
    "screen type": "TN",
    "special features": "Gaming is in the details, Motion Blur Reduction, Low Blue Light, The Black eQualizer, Specially Designed S Switch for Swift Control and Navigation, Intuitive UI for Easy Navigation, NVIDIA 3D Vision 2",
    "standby power consumption": "0.5W",
    "swivel lr": "-45\u00c2\u00b0/45\u00c2\u00b0",
    "tilt angle": "-5\u00c2\u00b0/20\u00c2\u00b0",
    "unit colour front": "Black",
    "unit colour rear": "Black",
    "unit colour stand": "Black and Red",
    "usb 20 downstream ports": "3",
    "usb 20 upstream ports": "1",
    "vertical viewing angle": "160\u00c2\u00b0",
    "vga ports": "1",
    "wall mount": "VESA 100mm x 100mm",
    "warranty direct with manufacturer": "2 years on-site SWAP",
    "web address": "www.benq.co.uk"
}