{
    "<page title>": "ASUS VS278Q 27\" Widescreen LED Black Multimedia Monitor (1920x1080/1ms/VGA/DP/DVI-D/2xHDMI) : Monitors : Monitors : Nexus Technology UK, Colchester, Essex",
    "aspect ratio": "16:9",
    "audio": "2 x 2W",
    "backlight": "LED",
    "brightness": "300 cd/m\u00c2\u00b2",
    "click image to enlarge": "\u00c2\u00a3199.79\n\u00c2\u00a3239.75 inc VAT\n30 Available\nAvailable for next day delivery if ordered before 5pm",
    "colours": "16.7 Million",
    "compliance": "UL/cUL, CB, CE, ErP, FCC, CCC, BSMI, Gost-R, C-Tick, VCCI, PSB, RoHS, WEEE, Windows 7 WHQL",
    "displayports": "1",
    "dvid ports": "1",
    "dynamic contrast ratio": "80, 000, 000:1",
    "ean": "4716659177722",
    "energy star": "5.0",
    "gross weight": "7.2Kg",
    "hdmi ports": "2",
    "headphone jacks": "1",
    "horizontal frequency range": "30kHz - 83kHz",
    "horizontal viewing angle": "170\u00c2\u00b0",
    "input power source": "Power Lead",
    "keywords": "Monitors, LCD, LED, LED Backlight, 27\", 1ms, HDMI, VESA Wall Mounting, VESA, Widescreen",
    "line in jacks": "1",
    "manufacturer": "ASUS",
    "max resolution": "1920 x 1080",
    "model number": "VS278Q",
    "net weight": "5.1Kg",
    "normal power consumption": "45W",
    "package contents": "Monitor, VGA cable, Audio cable, UK Power lead, Quick start guide, HDMI-to-DVI cable",
    "package height": "18cm",
    "package length": "72cm",
    "package type": "Retail",
    "package width": "53.5cm",
    "pixel pitch": "0.311mm",
    "product code": "NEX-106984",
    "product group": "Monitors",
    "product height": "470.11mm",
    "product height without stand": "393.23mm",
    "product length": "225mm",
    "product length without stand": "50mm",
    "product name": "ASUS VS278Q 27\" Widescreen LED Black Multimedia Monitor (1920x1080/1ms/VGA/DP/DVI-D/2xHDMI)",
    "product width": "648.86mm",
    "product width without stand": "648.86mm",
    "recommend resolution": "1920 x 1080",
    "response time": "1ms (GTG)",
    "royal mail compliance": "Not Compliant",
    "screen features": "Full HD",
    "screen size": "27\"",
    "screen type": "LCD",
    "speakers": "Integrated",
    "special features": "Superior image quality meets classic elegant design, True-to-life Pictures Powered by LED, 1ms Response Time, Extensive Connectivity and Built-in Stereo Speaker for Multimedia Enjoyment",
    "standby power consumption": "0.5W",
    "tilt angle": "-5\u00c2\u00b0/20\u00c2\u00b0",
    "unit colour front": "Black",
    "unit colour rear": "Black",
    "unit colour stand": "Black",
    "upc": "886227177721",
    "vertical frequency range": "50Hz - 76Hz",
    "vertical viewing angle": "160\u00c2\u00b0",
    "vga ports": "1",
    "wall mount": "VESA 100mm x 100mm",
    "warranty direct with manufacturer": "3 Years On Site",
    "web address": "www.asus.com"
}