{
    "<page title>": "Dell P1913 60Hz 19.0\" Monitor (469-3133) - PCPartPicker Canada",
    "aspect ratio": "16:10",
    "brightness": "250 cd/m\u00b2",
    "builtin speakers": "No",
    "contrast ratio": "DC 2,000,000:1 (1000:1)",
    "display colors": "16700000",
    "displayport": "1",
    "dvi": "1",
    "ips": "No",
    "led": "Yes",
    "manufacturer": "Dell",
    "model": "P1913",
    "part": "469-3133",
    "recommended resolution": "1400 x 900",
    "refresh rate": "60Hz",
    "response time": "5 ms",
    "screen size": "19\"",
    "vga": "1",
    "viewing angle": "170\u00b0 H x 160\u00b0 V",
    "widescreen": "Yes"
}