{
    "<page title>": "3M M2167PW 21.5\" Monitor (98-0003-3729-9) - PCPartPicker Canada",
    "aspect ratio": "16:9",
    "brightness": "250 cd/m\u00b2",
    "builtin speakers": "Yes",
    "contrast ratio": "5000:1",
    "display colors": "16700000",
    "displayport": "1",
    "hdmi": "1",
    "ips": "No",
    "led": "Yes",
    "manufacturer": "3M",
    "model": "M2167PW",
    "part": "98-0003-3729-9",
    "recommended resolution": "1920 x 1080",
    "response time": "16 ms",
    "screen size": "21.5\"",
    "vga": "1",
    "viewing angle": "178\u00b0 H x 178\u00b0 V",
    "widescreen": "Yes"
}