{
    "<page title>": "LG 24MB35PY-B 60Hz 23.8\" Monitor (24MB35PY-B) - PCPartPicker Canada",
    "aspect ratio": "16:9",
    "brightness": "250 cd/m\u00b2",
    "builtin speakers": "Yes",
    "contrast ratio": "DFC 5,000,000:1 (1000:1)",
    "displayport": "1",
    "dvi": "1",
    "ips": "Yes",
    "led": "Yes",
    "manufacturer": "LG",
    "part": "24MB35PY-B",
    "recommended resolution": "1920 x 1080",
    "refresh rate": "60Hz",
    "response time": "5 ms",
    "screen size": "23.8\"",
    "vga": "1",
    "viewing angle": "178\u00b0 H x 178\u00b0 V",
    "widescreen": "Yes"
}