{
    "<page title>": "Philips 242G5DJEB 144Hz 24.0\" Monitor (242G5DJEB) - PCPartPicker Canada",
    "aspect ratio": "16:9",
    "brightness": "350 cd/m\u00b2",
    "builtin speakers": "Yes",
    "contrast ratio": "1000:1",
    "display colors": "16700000",
    "displayport": "1",
    "dvi": "1",
    "hdmi": "1",
    "ips": "No",
    "led": "No",
    "manufacturer": "Philips",
    "part": "242G5DJEB",
    "recommended resolution": "1920 x 1080",
    "refresh rate": "144Hz",
    "response time": "5 ms",
    "screen size": "24\"",
    "vga": "1",
    "viewing angle": "170\u00b0 H x 160\u00b0 V",
    "widescreen": "Yes"
}