{
    "<page title>": "Lenovo LT2423 60Hz 24.0\" Monitor (60A8KAR2US) - PCPartPicker Canada",
    "aspect ratio": "16:9",
    "brightness": "250 cd/m\u00b2",
    "builtin speakers": "Yes",
    "contrast ratio": "1000:1",
    "hdmi": "1",
    "ips": "No",
    "led": "Yes",
    "manufacturer": "Lenovo",
    "model": "LT2423",
    "part": "60A8KAR2US",
    "recommended resolution": "1920 x 1080",
    "refresh rate": "60Hz",
    "response time": "5 ms",
    "screen size": "24\"",
    "vga": "1",
    "viewing angle": "170\u00b0 H x 160\u00b0 V",
    "widescreen": "Yes"
}