{
    "<page title>": "Philips 298P4QJEB/27 60Hz 29.0\" Monitor (298P4QJEB/27) - PCPartPicker Canada",
    "aspect ratio": "21:9",
    "brightness": "300 cd/m\u00b2",
    "builtin speakers": "Yes",
    "contrast ratio": "20,000,000:1",
    "displayport": "1",
    "dvi": "1",
    "hdmi": "2",
    "ips": "Yes",
    "led": "Yes",
    "manufacturer": "Philips",
    "part": "298P4QJEB/27",
    "recommended resolution": "2560 x 1080",
    "refresh rate": "60Hz",
    "response time": "5 ms",
    "screen size": "29\"",
    "viewing angle": "178\u00b0 H x 178\u00b0 V",
    "widescreen": "Yes"
}