{
    "<page title>": "Benq EW2440L - MBE",
    "ac adapter included": [
        "Yes",
        "Yes"
    ],
    "ac power in": "Yes",
    "aspect ratio": "16:9",
    "builtin camera": [
        "No",
        "No",
        "No"
    ],
    "builtin speakers": [
        "No",
        "No",
        "No"
    ],
    "cable lock slot": [
        "Kensington",
        "Kensington"
    ],
    "cables included": [
        "MHL, VGA",
        "MHL, VGA"
    ],
    "colour of product": [
        "Black",
        "Black"
    ],
    "contrast ratio dynamic": "20000000:1",
    "contrast ratio typical": "3000:1",
    "depth with stand": "19.132 cm",
    "display": "LED",
    "display brightness": "250 cd/m\u00c2\u00b2",
    "display diagonal": "60.96 cm (24\")",
    "display number of colours": "16.77M",
    "display resolution": "1920 x 1080 pixels",
    "dvi port": "No",
    "energy efficiency class": "Unspecified",
    "feet colour": [
        "Black",
        "Black"
    ],
    "hd type": "Full HD",
    "hdcp": "Yes",
    "hdmi ports quantity": "2",
    "height adjustment": "No",
    "height with stand": "42.16 cm",
    "input voltage": "96 - 264V",
    "mobile highdefinition link mhl": "Yes",
    "number of osd languages": [
        "17",
        "17"
    ],
    "on screen display osd": [
        "Yes",
        "Yes"
    ],
    "pixel pitch": "0.276 x 0.276 mm",
    "response time": "12 ms",
    "supported graphics resolutions": "1920 x 1080 (HD 1080)",
    "tv tuner integrated": [
        "No",
        "No"
    ],
    "vga dsub ports quantity": "1",
    "viewing angle horizontal": "178\u00c2\u00b0",
    "viewing angle vertical": "178\u00c2\u00b0",
    "weight": "3.74 kg",
    "width with stand": "54.566 cm"
}