{
    "3d compatibility": "No",
    "<page title>": "NEC EA223WM BK - MBE",
    "ac power in": "Yes",
    "aspect ratio": "16:10",
    "builtin camera": [
        "No",
        "No",
        "No"
    ],
    "builtin speakers": [
        "Yes",
        "Yes",
        "Yes"
    ],
    "cable lock slot": [
        "Kensington",
        "Kensington"
    ],
    "cables included": [
        "AC, Audio (3.5mm), DVI, USB, VGA",
        "AC, Audio (3.5mm), DVI, USB, VGA"
    ],
    "certification": "EPEAT Gold; CE; TCO 5.2; T\u00c3\u0153V; T\u00c3\u0153V GS; GEEA/Energy Label; Energy Star 5.0; FCC B; PCT/Gost; UL/C-UL / CSA; ISO 9241-307; MPR III; RoHS",
    "colour of product": [
        "Black",
        "Black"
    ],
    "contrast ratio dynamic": "25000:1",
    "contrast ratio typical": "1000:1",
    "depth with stand": "21.8 cm",
    "digital horizontal frequency": "31.5 - 82.3 kHz",
    "digital vertical frequency": "56 - 75 Hz",
    "display": "LED",
    "display brightness": "250 cd/m\u00c2\u00b2",
    "display diagonal": "55.88 cm (22\")",
    "display diagonal metric": "55.87 cm",
    "display number of colours": "16.77M",
    "display resolution": "1680 x 1050 pixels",
    "display srgb": "Yes",
    "display technology": "TN+Film",
    "displayports quantity": "1",
    "dvid ports quantity": "1",
    "energy star certified": "Yes",
    "hd type": "HD-Ready",
    "hdcp": "Yes",
    "headphone outputs": "1",
    "height adjustment": "13 cm",
    "height with stand": "38.4 cm",
    "mac operating systems supported": [
        "Yes",
        "Yes"
    ],
    "number of loudspeakers": [
        "2",
        "2",
        "2"
    ],
    "number of products included": [
        "1 pc(s)",
        "1 pc(s)"
    ],
    "on screen display osd": [
        "Yes",
        "Yes"
    ],
    "onoff switch": [
        "Yes",
        "Yes"
    ],
    "operating relative humidity hh": "20 - 80%",
    "operating temperature tt": "5 - 35 \u00c2\u00b0C",
    "pixel pitch": "0.282 x 0.282 mm",
    "plug and play": [
        "Yes",
        "Yes"
    ],
    "power consumption max": "25W",
    "power consumption standby": "0.5W",
    "power consumption typical": "12W",
    "power led": [
        "Yes",
        "Yes"
    ],
    "response time": "5 ms",
    "rms rated power": [
        "2W",
        "2W",
        "2W"
    ],
    "supported graphics resolutions": "1280 x 960, 1024 x 768 (XGA), 1280 x 1024 (SXGA), 1280 x 720 (HD 720), 1280 x 768 (WXGA), 1366 \u00d1\u2026 768, 1400 x 1050 (SXGA+), 1440 x 900 (WXGA+), 1600 x 1200 (UXGA), 1680 x 1050 (WSXGA+), 640 x 480 (VGA), 800 x 600 (SVGA)",
    "swivel angle range": "-170 - 170\u00c2\u00b0",
    "thin client installed": "No",
    "tilt angle": "-5 - 30\u00c2\u00b0",
    "tv tuner integrated": [
        "No",
        "No"
    ],
    "usb 20 ports quantity": "5",
    "vesa mounting interfaces compatibility": "100 x 100 mm",
    "vga dsub ports quantity": "1",
    "viewing angle horizontal": "170\u00c2\u00b0",
    "viewing angle vertical": "160\u00c2\u00b0",
    "wall mountable": "Yes",
    "weight with stand": "5.6 kg",
    "width with stand": "50.35 cm",
    "windows operating systems supported": [
        "Yes",
        "Yes"
    ]
}