{
    "3d compatibility": "No",
    "<page title>": "Philips Brilliance LCD monitor, LED backlight 241B4LPYCB - MBE",
    "ac power in": "Yes",
    "aspect ratio": "16:9",
    "backlight type": "W-LED",
    "builtin camera": [
        "No",
        "No",
        "No"
    ],
    "builtin speakers": [
        "Yes",
        "Yes",
        "Yes"
    ],
    "cable lock slot": [
        "Kensington",
        "Kensington"
    ],
    "certification": "BSMI, CE Mark, FCC B, GOST, SASO, SEMKO, TCO 5.2, TUV Ergo, TUV/GS, UL/cUL, WEEE",
    "colour of product": [
        "Black",
        "Black"
    ],
    "contrast ratio dynamic": "20000000:1",
    "contrast ratio typical": "1000:1",
    "depth": "5.5 cm",
    "depth with stand": "22.7 cm",
    "digital horizontal frequency": "30 - 83 kHz",
    "digital vertical frequency": "56 - 75 Hz",
    "display": "LED",
    "display brightness": "250 cd/m\u00c2\u00b2",
    "display diagonal": "60.96 cm (24\")",
    "display diagonal metric": "61 cm",
    "display number of colours": "16.77M",
    "display resolution": "1920 x 1080 pixels",
    "display srgb": "Yes",
    "displayports quantity": "1",
    "dvid ports quantity": "1",
    "energy star certified": "Yes",
    "epeat compliance": "Gold",
    "hd type": "Full HD",
    "hdcp": "Yes",
    "headphone connectivity": "3.5 mm",
    "headphone outputs": "1",
    "height": "35.2 cm",
    "height adjustment": [
        "10 cm",
        "Yes"
    ],
    "height with stand": "40.3 cm",
    "input frequency": "50/60 Hz",
    "input voltage": "100 - 240V",
    "mac operating systems supported": [
        "Yes",
        "Yes"
    ],
    "maximum resolution": [
        "1920 x 1080 pixels",
        "1920 x 1080 pixels"
    ],
    "number of loudspeakers": [
        "2",
        "2",
        "2"
    ],
    "number of osd languages": [
        "8",
        "8"
    ],
    "number of products included": [
        "1 pc(s)",
        "1 pc(s)"
    ],
    "on screen display osd": [
        "Yes",
        "Yes"
    ],
    "on screen display osd languages": [
        "CHI (SIMPL), DEU, ENG, ESP, FRE, ITA, POR, RUS",
        "CHI (SIMPL), DEU, ENG, ESP, FRE, ITA, POR, RUS"
    ],
    "onoff switch": [
        "Yes",
        "Yes"
    ],
    "operating relative humidity hh": "20 - 80%",
    "operating temperature tt": "0 - 40 \u00c2\u00b0C",
    "package weight": [
        "8.3 kg",
        "8.3 kg"
    ],
    "packaging depth": [
        "17.2 cm",
        "17.2 cm"
    ],
    "packaging height": [
        "40.5 cm",
        "40.5 cm"
    ],
    "packaging width": [
        "62.4 cm",
        "62.4 cm"
    ],
    "pc audio in": "Yes",
    "picture enhancement": [
        "SmartImage",
        "SmartImage"
    ],
    "pivot": "Yes",
    "pivot angle": "0 - 90\u00c2\u00b0",
    "pixel pitch": "0.276 x 0.276 mm",
    "placement supported": [
        "Horizontal/Vertical",
        "Horizontal/Vertical"
    ],
    "plug and play": [
        "Yes",
        "Yes"
    ],
    "power consumption powersave": "12W",
    "power consumption standby": "0.1W",
    "power consumption typical": "21.44W",
    "power led": [
        "Yes",
        "Yes"
    ],
    "response time": "5 ms",
    "rms rated power": [
        "3W",
        "3W",
        "3W"
    ],
    "safety": "TCO edge, RoHS, PVC / BFR free, Mercury free, Lead free",
    "screen saving functions": [
        "Yes",
        "Yes"
    ],
    "separate hv sync": "Yes",
    "standby led": [
        "Yes",
        "Yes"
    ],
    "storage temperature tt": "-20 - 60 \u00c2\u00b0C",
    "supported graphics resolutions": "1920 x 1080 (HD 1080)",
    "swivel angle range": "-65 - 65\u00c2\u00b0",
    "syncongreen sog": "Yes",
    "thin client installed": "No",
    "tilt angle": "-5 - 20\u00c2\u00b0",
    "tv tuner integrated": [
        "No",
        "No"
    ],
    "usb 20 ports quantity": "2",
    "vesa mounting interfaces compatibility": "100 x 100 mm",
    "vga dsub ports quantity": "1",
    "viewable size horizontal": "53.14 cm",
    "viewable size vertical": "29.89 cm",
    "viewing angle horizontal": "170\u00c2\u00b0",
    "viewing angle vertical": "160\u00c2\u00b0",
    "wall mountable": "Yes",
    "weight": "4.3 kg",
    "weight with stand": "6.3 kg",
    "width": "56.5 cm",
    "width with stand": "56.5 cm",
    "windows operating systems supported": [
        "Yes",
        "Yes"
    ]
}