{
    "<page title>": "Hanns G 21.5\" HE225DPB Full HD LED/TFT Monitor - MBE",
    "aspect ratio": "16:9",
    "builtin camera": [
        "No",
        "No",
        "No"
    ],
    "builtin speakers": [
        "Yes",
        "Yes",
        "Yes"
    ],
    "cable lock slot": [
        "Kensington",
        "Kensington"
    ],
    "cables included": [
        "Audio (3.5mm), DVI, VGA",
        "Audio (3.5mm), DVI, VGA"
    ],
    "certification": "FCC, UL/CUL, CE, CB, GOST, 3C, China energy level 1",
    "colour of product": [
        "Black",
        "Black"
    ],
    "contrast ratio dynamic": "40000000:1",
    "contrast ratio typical": "1000:1",
    "dcin jack": "Yes",
    "depth": "18.5 cm",
    "depth with stand": "11.8 cm",
    "display": "LED",
    "display brightness": "250 cd/m\u00c2\u00b2",
    "display diagonal": "54.61 cm (21.5\")",
    "display diagonal metric": "54.6 cm",
    "display resolution": "1920 x 1080 pixels",
    "display technology": "LCD",
    "dvi port": "Yes",
    "dvid ports quantity": "1",
    "energy efficiency class": "Unspecified",
    "energy star certified": "Yes",
    "hd type": "Full HD",
    "hdcp": "Yes",
    "height": "36.74 cm",
    "height with stand": "41.6 cm",
    "horizontal scan range": "30 - 83 kHz",
    "input frequency": "50/60 Hz",
    "input voltage": "100 - 240V",
    "manual": [
        "Yes",
        "Yes"
    ],
    "number of loudspeakers": [
        "2",
        "2",
        "2"
    ],
    "number of osd languages": [
        "12",
        "12"
    ],
    "on screen display osd": [
        "Yes",
        "Yes"
    ],
    "onoff switch": [
        "Yes",
        "Yes"
    ],
    "operating relative humidity hh": "20 - 85%",
    "operating temperature tt": "5 - 35 \u00c2\u00b0C",
    "pc audio in": "Yes",
    "pixel pitch": "0.248 x 0.248 mm",
    "power consumption off": "0.5W",
    "power consumption standby": "0.5W",
    "power consumption typical": "24W",
    "quick start guide": [
        "Yes",
        "Yes"
    ],
    "response time": "5 ms",
    "rms rated power": [
        "1.5W",
        "1.5W",
        "1.5W"
    ],
    "supported graphics resolutions": "1920 x 1080 (HD 1080)",
    "thin client installed": "No",
    "tv tuner integrated": [
        "No",
        "No"
    ],
    "vertical scan range": "56 - 75 Hz",
    "vesa mounting interfaces compatibility": "100 x 100 mm",
    "vga dsub ports quantity": "1",
    "viewing angle horizontal": "170\u00c2\u00b0",
    "viewing angle vertical": "160\u00c2\u00b0",
    "wall mountable": "Yes",
    "weight": "3.12 kg",
    "weight with stand": "3.95 kg",
    "width": "51.28 cm",
    "width with stand": "57.1 cm"
}