{
    "<page title>": "Philips LCD monitor with SmartControl Lite 273V5LHAB - MBE",
    "ac power in": "Yes",
    "aspect ratio": "16:9",
    "backlight type": "W-LED",
    "builtin speakers": [
        "Yes",
        "Yes",
        "Yes"
    ],
    "cable lock slot": [
        "Kensington",
        "Kensington"
    ],
    "certification": "RoHS, Lead-free, Mercury Free",
    "colour of product": [
        "Black",
        "Black"
    ],
    "compliance industry standards": "BSMI, CE Mark, FCC Class B, GOST, PSB, SASO, SEMKO, TCO certified, TUV/ISO9241-307, cETLus, WEEE",
    "contrast ratio dynamic": "10000000:1",
    "contrast ratio typical": "1000:1",
    "depth": "5.7 cm",
    "depth with stand": "24 cm",
    "display": "LED",
    "display brightness": "300 cd/m\u00c2\u00b2",
    "display diagonal": "68.58 cm (27\")",
    "display diagonal metric": "68.6 cm",
    "display number of colours": "16.77M",
    "display resolution": "1920 x 1080 pixels",
    "display srgb": "Yes",
    "display technology": "LCD/TFT",
    "dvi port": "Yes",
    "dvid ports quantity": "1",
    "energy efficiency class": "Unspecified",
    "energy star certified": "Yes",
    "epeat compliance": "Silver",
    "hd type": "Full HD",
    "hdmi ports quantity": "1",
    "headphone outputs": "1",
    "height": "39.8 cm",
    "height with stand": "47.1 cm",
    "horizontal scan range": "30 - 83 kHz",
    "input frequency": "50/60 Hz",
    "input voltage": "100 - 240V",
    "led indicators": [
        "Operation, Stand-by",
        "Operation, Stand-by"
    ],
    "mean time between failures mtbf": [
        "30.000h",
        "30.000h"
    ],
    "number of loudspeakers": [
        "2",
        "2",
        "2"
    ],
    "on screen display osd": [
        "Yes",
        "Yes"
    ],
    "on screen display osd languages": [
        "CHI (SIMPL), CHI (TR), CZE, DEU, DUT, ENG, ESP, FIN, FRE, GRE, HUN, ITA, JPN, KOR, POL, POR, RUS, SWE, TUR, UKR",
        "CHI (SIMPL), CHI (TR), CZE, DEU, DUT, ENG, ESP, FIN, FRE, GRE, HUN, ITA, JPN, KOR, POL, POR, RUS, SWE, TUR, UKR"
    ],
    "onoff switch": [
        "Yes",
        "Yes"
    ],
    "operating relative humidity hh": "20 - 80%",
    "operating temperature tt": "0 - 40 \u00c2\u00b0C",
    "package weight": [
        "6.17 kg",
        "6.17 kg"
    ],
    "packaging depth": [
        "13.9 cm",
        "13.9 cm"
    ],
    "packaging height": [
        "48.2 cm",
        "48.2 cm"
    ],
    "packaging width": [
        "69.8 cm",
        "69.8 cm"
    ],
    "pc audio in": "Yes",
    "pixel pitch": "0.311 x 0.311 mm",
    "plug and play": [
        "Yes",
        "Yes"
    ],
    "power consumption off": "0.3W",
    "power consumption standby": "0.5W",
    "power consumption typical": "19.65W",
    "quantity": [
        "1",
        "1"
    ],
    "response time": "5 ms",
    "rms rated power": [
        "4W",
        "4W",
        "4W"
    ],
    "separate hv sync": "Yes",
    "storage temperature tt": "-20 - 60 \u00c2\u00b0C",
    "syncongreen sog": "Yes",
    "tilt adjustment": "Yes",
    "vertical scan range": "56 - 75 Hz",
    "vesa mounting interfaces compatibility": "100 x 100 mm",
    "vga dsub ports quantity": "1",
    "viewable size horizontal": "59.788 cm",
    "viewable size vertical": "33.631 cm",
    "viewing angle horizontal": "170\u00c2\u00b0",
    "viewing angle vertical": "160\u00c2\u00b0",
    "wall mountable": "Yes",
    "weight": "4 kg",
    "weight with stand": "4.53 kg",
    "width": "64.6 cm",
    "width with stand": "64.6 cm"
}