{
    "3d compatibility": "No",
    "<page title>": "HP W2072a - MBE",
    "aspect ratio": "16:9",
    "builtin camera": [
        "No",
        "No",
        "No"
    ],
    "builtin speakers": [
        "No",
        "No",
        "No"
    ],
    "cable lock slot": [
        "Yes",
        "Yes"
    ],
    "colour of product": [
        "Black",
        "Black"
    ],
    "contrast ratio dynamic": "3000000:1",
    "contrast ratio typical": "600:1",
    "depth": "17 cm",
    "display": "LED",
    "display brightness": "200 cd/m\u00c2\u00b2",
    "display diagonal": "50.8 cm (20\")",
    "display diagonal metric": "50.8 cm",
    "display number of colours": "16.77M",
    "display resolution": "1600 x 900 pixels",
    "display technology": "TN+Film",
    "dvid ports quantity": "1",
    "energy efficiency class": "Unspecified",
    "energy star certified": "Yes",
    "epeat compliance": "Silver",
    "hd type": "No",
    "hdcp": "Yes",
    "height": "35.66 cm",
    "height adjustment": "No",
    "horizontal scan range": "24 - 83 kHz",
    "input voltage": "95 - 265V",
    "on screen display osd": [
        "Yes",
        "Yes"
    ],
    "on screen display osd languages": [
        "CHI (SIMPL), CHI (TR), DEU, DUT, ENG, ESP, FRE, ITA, JPN, POR",
        "CHI (SIMPL), CHI (TR), DEU, DUT, ENG, ESP, FRE, ITA, JPN, POR"
    ],
    "operating relative humidity hh": "20 - 80%",
    "pixel pitch": "0.277 x 0.277 mm",
    "power consumption standby": "0.5W",
    "power consumption typical": "20W",
    "response time": "5 ms",
    "supported graphics resolutions": "720 x 400, 1024 x 768 (XGA), 1280 x 1024 (SXGA), 1280 x 720 (HD 720), 1440 x 900 (WXGA+), 640 x 480 (VGA), 800 x 600 (SVGA)",
    "thin client installed": "No",
    "tilt adjustment": "Yes",
    "tilt angle": "-5 - 19\u00c2\u00b0",
    "tv tuner integrated": [
        "No",
        "No"
    ],
    "vertical scan range": "50 - 76 Hz",
    "vga dsub ports quantity": "1",
    "viewable size horizontal": "44.3 cm",
    "viewable size vertical": "24.9 cm",
    "viewing angle horizontal": "90\u00c2\u00b0",
    "viewing angle vertical": "50\u00c2\u00b0",
    "weight": "3.5 kg",
    "width": "47.73 cm"
}