{
    "3d compatibility": "No",
    "<page title>": "Philips LCD monitor with SmartControl Lite 246V5LHAB - MBE",
    "ac power in": "Yes",
    "aspect ratio": "16:9",
    "backlight type": "W-LED",
    "bluetooth": "No",
    "builtin camera": [
        "No",
        "No",
        "No"
    ],
    "builtin speakers": [
        "Yes",
        "Yes",
        "Yes"
    ],
    "cable lock slot": [
        "Kensington",
        "Kensington"
    ],
    "cables included": [
        "AC",
        "AC"
    ],
    "certification": "BSMI, CE Mark, cETLus, FCC B, GOST, PSB, SASO, SEMKO, TCO, TUV/ISO9241-307, WEEE",
    "colour of product": [
        "Black",
        "Black"
    ],
    "contrast ratio dynamic": "10000000:1",
    "contrast ratio typical": "1000:1",
    "depth": "6.3 cm",
    "depth with stand": "23.8 cm",
    "display": "LED",
    "display brightness": "250 cd/m\u00c2\u00b2",
    "display diagonal": "60.96 cm (24\")",
    "display diagonal metric": "61 cm",
    "display number of colours": "16.77M",
    "display resolution": "1920 x 1080 pixels",
    "display srgb": "Yes",
    "dvi port": "No",
    "energy efficiency class": "Unspecified",
    "energy star certified": "Yes",
    "epeat compliance": "Silver",
    "ethernet lan": "No",
    "hd type": "Full HD",
    "hdcp": "Yes",
    "hdmi ports quantity": "1",
    "headphone connectivity": "3.5 mm",
    "headphone outputs": "1",
    "height": "35.4 cm",
    "height with stand": "43.5 cm",
    "horizontal scan range": "30 - 83 kHz",
    "input frequency": "50/60 Hz",
    "input voltage": "100 - 240V",
    "led indicators": [
        "Yes",
        "Yes"
    ],
    "linux operating systems supported": [
        "Yes",
        "Yes"
    ],
    "manual": [
        "Yes",
        "Yes"
    ],
    "mean time between failures mtbf": [
        "30000h",
        "30000h"
    ],
    "nonoperating altitude": "0 - 12192m",
    "number of loudspeakers": [
        "2",
        "2",
        "2"
    ],
    "on screen display osd": [
        "Yes",
        "Yes"
    ],
    "onoff switch": [
        "Yes",
        "Yes"
    ],
    "operating altitude": "0 - 3658m",
    "operating relative humidity hh": "20 - 80%",
    "operating temperature tt": "0 - 40 \u00c2\u00b0C",
    "package weight": [
        "6.05 kg",
        "6.05 kg"
    ],
    "packaging depth": [
        "13.1 cm",
        "13.1 cm"
    ],
    "packaging height": [
        "44.6 cm",
        "44.6 cm"
    ],
    "packaging width": [
        "61.3 cm",
        "61.3 cm"
    ],
    "pc audio in": "Yes",
    "pixel pitch": "0.277 x 0.277 mm",
    "plug and play": [
        "Yes",
        "Yes"
    ],
    "power consumption off": "0.5W",
    "power consumption standby": "0.3W",
    "power consumption typical": "21.75W",
    "power led": [
        "Yes",
        "Yes"
    ],
    "quick start guide": [
        "Yes",
        "Yes"
    ],
    "response time": "5 ms",
    "rms rated power": [
        "4W",
        "4W",
        "4W"
    ],
    "safety": "RoHS",
    "separate hv sync": "Yes",
    "standby led": [
        "Yes",
        "Yes"
    ],
    "storage temperature tt": "-20 - 60 \u00c2\u00b0C",
    "supported graphics resolutions": "1920 x 1080 (HD 1080)",
    "supported video modes": "1080p",
    "syncongreen sog": "Yes",
    "thin client installed": "No",
    "tilt adjustment": "Yes",
    "tilt angle": "-5 - 20\u00c2\u00b0",
    "tv tuner integrated": [
        "No",
        "No"
    ],
    "vertical scan range": "56 - 75 Hz",
    "vesa mounting interfaces compatibility": "100 x 100 mm",
    "vga dsub ports quantity": "1",
    "viewable size horizontal": "53.136 cm",
    "viewable size vertical": "29.889 cm",
    "viewing angle horizontal": "170\u00c2\u00b0",
    "viewing angle vertical": "160\u00c2\u00b0",
    "wall mountable": "Yes",
    "weight": "4.22 kg",
    "weight with stand": "4.65 kg",
    "width": "56.5 cm",
    "width with stand": "56.5 cm",
    "wifi": "No",
    "windows operating systems supported": [
        "Yes",
        "Yes"
    ]
}