{
    "3d compatibility": "No",
    "<page title>": "Philips LCD monitor with SmartControl Lite 223V5LHSB - MBE",
    "ac power in": "Yes",
    "aspect ratio": "16:9",
    "bluetooth": "No",
    "builtin camera": [
        "No",
        "No",
        "No"
    ],
    "builtin speakers": [
        "No",
        "No",
        "No"
    ],
    "cable lock slot": [
        "Kensington",
        "Kensington"
    ],
    "card reader integrated": [
        "No",
        "No"
    ],
    "certification": "RoHS, BSMI, CE, FCC B, GOST, PSB, SASO, SEMKO, TCO, TUV/ISO9241-307, cETLus, WEEE",
    "colour of product": [
        "Black",
        "Black"
    ],
    "compatible memory cards": [
        "No",
        "No"
    ],
    "contrast ratio dynamic": "10000000:1",
    "contrast ratio typical": "1000:1",
    "depth": "5 cm",
    "depth with stand": "21.3 cm",
    "digital horizontal frequency": "30 - 83 kHz",
    "digital vertical frequency": "56 - 76 Hz",
    "dimensions w x d x h with stand": "503 x 213 x 376 mm",
    "display": "LED",
    "display brightness": "250 cd/m\u00c2\u00b2",
    "display diagonal": "54.61 cm (21.5\")",
    "display diagonal metric": "54.6 cm",
    "display number of colours": "16.77M",
    "display resolution": "1920 x 1080 pixels",
    "display srgb": "Yes",
    "dvi port": "No",
    "effective viewing area": [
        "476.64 x 268.11 mm",
        "476.64 x 268.11 mm"
    ],
    "energy efficiency class": "Unspecified",
    "energy star certified": "Yes",
    "epeat compliance": "Silver",
    "ethernet lan": "No",
    "hd type": "Full HD",
    "hdcp": "Yes",
    "hdmi ports quantity": "1",
    "height": "31.6 cm",
    "height adjustment": "No",
    "height with stand": "37.6 cm",
    "input frequency": "50/60 Hz",
    "input voltage": "100 - 240V",
    "led indicators": [
        "Yes",
        "Yes"
    ],
    "mac operating systems supported": [
        "Yes",
        "Yes"
    ],
    "mean time between failures mtbf": [
        "30000h",
        "30000h"
    ],
    "nonoperating altitude": "0 - 12192m",
    "number of osd languages": [
        "19",
        "19"
    ],
    "on screen display osd": [
        "Yes",
        "Yes"
    ],
    "on screen display osd languages": [
        "CZE, DEU, DUT, ENG, ESP, FIN, FRE, HUN, ITA, JPN, KOR, POL, POR, SWE, TUR, UKR",
        "CZE, DEU, DUT, ENG, ESP, FIN, FRE, HUN, ITA, JPN, KOR, POL, POR, SWE, TUR, UKR"
    ],
    "onoff switch": [
        "Yes",
        "Yes"
    ],
    "operating altitude": "0 - 3658m",
    "operating relative humidity hh": "20 - 80%",
    "operating temperature tt": "0 - 40 \u00c2\u00b0C",
    "package dimensions wxdxh": "555 x 107 x 414 mm",
    "package weight": [
        "3.87 kg",
        "3.87 kg"
    ],
    "packaging depth": [
        "10.7 cm",
        "10.7 cm"
    ],
    "packaging height": [
        "41.4 cm",
        "41.4 cm"
    ],
    "packaging width": [
        "55.5 cm",
        "55.5 cm"
    ],
    "pictureinpicture": [
        "No",
        "No"
    ],
    "pivot": "No",
    "pixel pitch": "0.248 x 0.248 mm",
    "plug and play": [
        "Yes",
        "Yes"
    ],
    "power consumption off": "0.5W",
    "power consumption standby": "0.5W",
    "power consumption typical": "15.85W",
    "power led": [
        "Yes",
        "Yes"
    ],
    "response time": "5 ms",
    "screen format adjustments": [
        "4:3, 16:9, Auto",
        "4:3, 16:9, Auto"
    ],
    "separate hv sync": "Yes",
    "standby led": [
        "Yes",
        "Yes"
    ],
    "storage temperature tt": "-20 - 60 \u00c2\u00b0C",
    "supported graphics resolutions": "1920 x 1080 (HD 1080)",
    "swivelling": "No",
    "syncongreen sog": "Yes",
    "thin client installed": "No",
    "tilt adjustment": "Yes",
    "tilt angle": "-5 - 20\u00c2\u00b0",
    "tv tuner integrated": [
        "No",
        "No"
    ],
    "vesa mounting interfaces compatibility": "100 x 100 mm",
    "vga dsub ports quantity": "1",
    "viewable size diagonal": "54.6 cm",
    "viewable size horizontal": "47.664 cm",
    "viewable size vertical": "26.811 cm",
    "viewing angle horizontal": "170\u00c2\u00b0",
    "viewing angle vertical": "160\u00c2\u00b0",
    "wall mountable": "Yes",
    "weight": "2.35 kg",
    "weight with stand": "2.61 kg",
    "width": "50.3 cm",
    "width with stand": "50.3 cm",
    "wifi": "No",
    "windows operating systems supported": [
        "Windows 7 Home Basic, Windows 7 Home Basic x64, Windows 7 Home Premium, Windows 7 Home Premium x64, Windows 7 Professional, Windows 7 Professional x64, Windows 7 Starter, Windows 7 Starter x64, Windows 7 Ultimate, Windows 7 Ultimate x64, Windows 8, Windows 8 Enterprise, Windows 8 Enterprise x64, Windows 8 Pro, Windows 8 Pro x64, Windows 8 x64",
        "Windows 7 Home Basic, Windows 7 Home Basic x64, Windows 7 Home Premium, Windows 7 Home Premium x64, Windows 7 Professional, Windows 7 Professional x64, Windows 7 Starter, Windows 7 Starter x64, Windows 7 Ultimate, Windows 7 Ultimate x64, Windows 8, Windows 8 Enterprise, Windows 8 Enterprise x64, Windows 8 Pro, Windows 8 Pro x64, Windows 8 x64"
    ]
}