{
    "3d compatibility": "No",
    "<page title>": "Philips Brilliance LCD monitor with MultiView 298P4QJEB - MBE",
    "aspect ratio": "21:9",
    "backlight type": "W-LED",
    "bluetooth": "No",
    "builtin camera": [
        "No",
        "No",
        "No"
    ],
    "builtin speakers": [
        "Yes",
        "Yes",
        "Yes"
    ],
    "cable lock slot": [
        "Kensington",
        "Kensington"
    ],
    "cables included": [
        "AC",
        "AC"
    ],
    "card reader integrated": [
        "No",
        "No"
    ],
    "certification": "TCO, RoHS, BSMI, CE, FCC, GOST, SASO, SEMKO, TUV, TUV/GS, UL/cUL, WEEE",
    "colour of product": [
        "Black",
        "Black"
    ],
    "contrast ratio dynamic": "20000000:1",
    "contrast ratio typical": "1000:1",
    "depth": "5.9 cm",
    "depth with stand": "27.3 cm",
    "display": "LED",
    "display brightness": "300 cd/m\u00c2\u00b2",
    "display diagonal": "73.66 cm (29\")",
    "display diagonal metric": "73 cm",
    "display number of colours": "16.77M",
    "display resolution": "2560 x 1080 pixels",
    "display srgb": "Yes",
    "display technology": "IPS",
    "displayports quantity": "1",
    "dvi port": "Yes",
    "dvid ports quantity": "1",
    "energy efficiency class": "Unspecified",
    "energy star certified": "Yes",
    "epeat compliance": "Gold",
    "ethernet lan": "No",
    "hd type": "Full HD",
    "hdcp": "Yes",
    "hdmi ports quantity": "2",
    "headphone outputs": "1",
    "height": "33 cm",
    "height adjustment": [
        "15 cm",
        "Yes"
    ],
    "height with stand": "53.8 cm",
    "horizontal scan range": "30 - 90 kHz",
    "input frequency": "50/60 Hz",
    "input voltage": "100 - 240V",
    "led indicators": [
        "Yes",
        "Yes"
    ],
    "mac operating systems supported": [
        "Yes",
        "Yes"
    ],
    "nonoperating altitude": "0 - 12192m",
    "number of loudspeakers": [
        "2",
        "2",
        "2"
    ],
    "number of osd languages": [
        "8",
        "8"
    ],
    "on screen display osd": [
        "Yes",
        "Yes"
    ],
    "on screen display osd languages": [
        "CHI (SIMPL), DEU, ENG, ESP, FRE, ITA, POR, RUS",
        "CHI (SIMPL), DEU, ENG, ESP, FRE, ITA, POR, RUS"
    ],
    "onoff switch": [
        "Yes",
        "Yes"
    ],
    "operating altitude": "0 - 3658m",
    "operating relative humidity hh": "20 - 80%",
    "operating temperature tt": "0 - 40 \u00c2\u00b0C",
    "package weight": [
        "11.68 kg",
        "11.68 kg"
    ],
    "packaging depth": [
        "18.6 cm",
        "18.6 cm"
    ],
    "packaging height": [
        "50.6 cm",
        "50.6 cm"
    ],
    "packaging width": [
        "78.2 cm",
        "78.2 cm"
    ],
    "pc audio in": "Yes",
    "pivot": "Yes",
    "pivot angle": "0 - 90\u00c2\u00b0",
    "pixel pitch": "0.2628 x 0.2628 mm",
    "plug and play": [
        "Yes",
        "Yes"
    ],
    "power consumption powersave": "25.1W",
    "power consumption standby": "0.3W",
    "power consumption typical": "38.5W",
    "power led": [
        "Yes",
        "Yes"
    ],
    "recyclable material": [
        "65%",
        "65%"
    ],
    "response time": "5 ms",
    "rms rated power": [
        "4W",
        "4W",
        "4W"
    ],
    "separate hv sync": "Yes",
    "standby led": [
        "Yes",
        "Yes"
    ],
    "storage temperature tt": "-20 - 60 \u00c2\u00b0C",
    "supported graphics resolutions": "2560 x 1080",
    "swivel angle range": "-65 - 65\u00c2\u00b0",
    "swivelling": "Yes",
    "syncongreen sog": "Yes",
    "thin client installed": "No",
    "tilt adjustment": "Yes",
    "tilt angle": "-5 - 20\u00c2\u00b0",
    "tv tuner integrated": [
        "No",
        "No"
    ],
    "usb 30 ports quantity": "4",
    "vertical scan range": "56 - 75 Hz",
    "vesa mounting interfaces compatibility": "100 x 100 mm",
    "viewable size horizontal": "67.276 cm",
    "viewable size vertical": "28.382 cm",
    "viewing angle horizontal": "178\u00c2\u00b0",
    "viewing angle vertical": "178\u00c2\u00b0",
    "wall mountable": "Yes",
    "weight": "5.67 kg",
    "weight with stand": "8.46 kg",
    "width": "70 cm",
    "width with stand": "70 cm",
    "wifi": "No",
    "windows operating systems supported": [
        "Windows 7 Home Basic, Windows 7 Home Premium, Windows 7 Professional, Windows 7 Starter, Windows 7 Ultimate, Windows 8, Windows 8 Enterprise, Windows 8 Pro, Windows XP Home, Windows XP Professional",
        "Windows 7 Home Basic, Windows 7 Home Premium, Windows 7 Professional, Windows 7 Starter, Windows 7 Ultimate, Windows 8, Windows 8 Enterprise, Windows 8 Pro, Windows XP Home, Windows XP Professional"
    ]
}