{
    "3d compatibility": "No",
    "<page title>": "ASUS VW22AT - MrHighTech Shop",
    "ac power in": "Yes",
    "aspect ratio": "16:10",
    "builtin camera": [
        "No",
        "No"
    ],
    "builtin speakers": [
        "Yes",
        "Yes"
    ],
    "cable lock slot": [
        "Kensington",
        "Kensington"
    ],
    "cables included": [
        "AC, Audio (3.5mm), DVI, VGA",
        "AC, Audio (3.5mm), DVI, VGA"
    ],
    "certification": "BSMI, CB, CCC, CE, C-Tick, ErP, FCC, Gost-R, J-MOSS, RoHS, TCO5.2, TUV-Ergo, TUV-GS, UL/cUL, VCCI, WEEE, WHQL (Windows 7)",
    "colour of product": [
        "Black",
        "Black"
    ],
    "contrast ratio dynamic": "50000000:1",
    "depth": "63.34 mm",
    "depth with stand": "210.32 mm",
    "digital horizontal frequency": "24 - 83 kHz",
    "digital vertical frequency": "50 - 75 Hz",
    "display": "LED",
    "display brightness": "250 cd/m\u00b2",
    "display diagonal": "558.8 mm (22 \")",
    "display diagonal metric": "55.9 cm",
    "display number of colours": "16.77 M",
    "display resolution": "1680 x 1050 pixels",
    "dvid ports quantity": "1",
    "energy efficiency class": "Unspecified",
    "energy star certified": "Yes",
    "hd type": "No",
    "hdcp": "Yes",
    "height": "340.79 mm",
    "height adjustment": "No",
    "height with stand": "406.23 mm",
    "horizontal scan range": "31 - 83 kHz",
    "input frequency": "50/60 Hz",
    "input voltage": "100 - 240 V",
    "maximum resolution": [
        "1680 x 1050 pixels",
        "1680 x 1050 pixels"
    ],
    "number of loudspeakers": [
        "2",
        "2"
    ],
    "number of products included": [
        "1 pcs",
        "1 pcs"
    ],
    "on screen display osd": [
        "Yes",
        "Yes"
    ],
    "onoff switch": [
        "Yes",
        "Yes"
    ],
    "package weight": "5.4 kg",
    "packaging depth": "146 mm",
    "packaging height": "452 mm",
    "packaging width": "588 mm",
    "pc audio in": "Yes",
    "pixel pitch": "0.282 x 0.282 mm",
    "placement supported": [
        "Horizontal",
        "Horizontal"
    ],
    "power consumption off": "0.3 W",
    "power consumption powersave": "0.5 W",
    "power consumption typical": "33 W",
    "power led": [
        "Yes",
        "Yes"
    ],
    "quick start guide": [
        "Yes",
        "Yes"
    ],
    "response time": "5 ms",
    "rms rated power": [
        "2 W",
        "2 W"
    ],
    "screen saving functions": [
        "Yes",
        "Yes"
    ],
    "source datasheet": [
        ".",
        "."
    ],
    "standby led": [
        "Yes",
        "Yes"
    ],
    "supported graphics resolutions": "1680 x 1050 (WSXGA+)",
    "thin client installed": "No",
    "tilt angle": "-5 - 20 \u00b0",
    "tv tuner integrated": "No",
    "vertical scan range": "56 - 76 Hz",
    "vesa mounting interfaces compatibility": "100 x 100 mm",
    "vga dsub ports quantity": "1",
    "viewing angle horizontal": "170 \u00b0",
    "viewing angle vertical": "160 \u00b0",
    "volume control": [
        "Digital",
        "Digital"
    ],
    "wall mountable": "Yes",
    "weight": "3.9 kg",
    "width": "513.95 mm",
    "width with stand": "513.95 mm",
    "windows operating systems supported": [
        "Yes",
        "Yes"
    ]
}