{
    "<page title>": "Asus VS278Q P 27 LED LCD Monitor 169 1 ms by Office Depot",
    "adjustable display angle": "Yes",
    "aspect ratio": "16:9",
    "backlight technology": "LED",
    "brand name": "Asus",
    "brightness": "300 Nit",
    "builtin devices": "Speaker",
    "certifications  standards": "UL/cUL; CB; CE; FCC; CCC; BSMI; Gost-R; C-tick; VCCI; PSB; WHQL",
    "color": "Glossy Black",
    "color supported": "16.7 Million Colors",
    "contrast ratio": "80,000,000:1",
    "depth": "2\"",
    "displayport": "Yes",
    "ecolabel": "ENERGY STAR; ErP; RoHS; WEEE",
    "features": "Trace Free Technology; Splendid Video Intelligence Technology; Security Lock",
    "hdcp supported": "Yes",
    "hdmi": "Yes",
    "headphone jack": "Yes",
    "height": "18.5\"",
    "input voltage": "110 V AC; 220 V AC",
    "item ": "194662",
    "manufacturer": "ASUS Computer International",
    "manufacturer ": "PY4084",
    "maximum resolution": "1920 x 1080",
    "model name": "VS278Q-P",
    "mount type": "Wall Mountable",
    "number of screens": "1",
    "number of speakers": "2",
    "operating power consumption": "45 W",
    "platform supported": "PC",
    "product name": "VS278Q-P Widescreen LCD Monitor",
    "product series": "VS",
    "product type": "LCD Monitor",
    "response time": "1 ms",
    "screen mode": "Full HD",
    "screen size": "27\"",
    "speakers": "Yes",
    "standard refresh rate": "76 Hz",
    "standby power consumption": "500 mW",
    "vertical viewing angle": "160\u00b0",
    "vesa mount compatible": "Yes",
    "vesa mount standard": "100 x 100",
    "vga": "Yes",
    "viewing angle": "170\u00b0",
    "warranty length": "3-year limited",
    "weight": "11.24 lb",
    "width": "25.5\""
}