{
    "<page title>": "Acer V226WL 22 LED LCD Monitor 1610 5 ms by Office Depot",
    "aspect ratio": "16:10",
    "backlight technology": "LED",
    "brand name": "Acer",
    "brightness": "250 Nit",
    "color": "Black",
    "color supported": "16.7 Million Colors",
    "contrast ratio": "100,000,000:1",
    "depth": "8.1\"",
    "dvi": "Yes",
    "ecolabel": "TCO '06",
    "hdcp supported": "Yes",
    "height": "16.5\"",
    "input voltage": "110 V AC; 220 V AC",
    "item ": "630694",
    "manufacturer": "Acer, Inc",
    "manufacturer ": "RA7831",
    "maximum resolution": "1680 x 1050",
    "model name": "V226WL",
    "number of screens": "1",
    "offmode power consumption": "350 mW",
    "operating power consumption": "24.20 W",
    "product name": "V226WL Widescreen LCD Monitor",
    "product series": "V",
    "product type": "LCD Monitor",
    "response time": "5 ms",
    "screen mode": "WXGA+",
    "screen size": "22\"",
    "screen surface": "Anti-glare",
    "standard refresh rate": "60 Hz",
    "standby power consumption": "450 mW",
    "vertical viewing angle": "160\u00b0",
    "vga": "Yes",
    "viewing angle": "170\u00b0",
    "weight": "6.81 lb",
    "weight with stand approximate": "7.76 lb",
    "width": "19.9\""
}