{
    "<page title>": "Elo 1000 Series 1515L Touch Screen Monitor by Office Depot",
    "aspect ratio": "4:3",
    "brand name": "Elo",
    "brightness": "230 Nit",
    "color": "Dark Gray",
    "color supported": "16.2 Million Colors",
    "contrast ratio": "450:1",
    "depth with stand": "6.90\"",
    "ecolabel": "China RoHS",
    "height with stand": "12.20\"",
    "input voltage": "220 V AC",
    "item ": "665533",
    "manufacturer": "Elo Touch Solutions, Inc",
    "manufacturer ": "V21394",
    "maximum resolution": "1024 x 768",
    "model name": "1515L",
    "mount type": "Desk Mountable",
    "platform supported": "Mac; Sun",
    "product name": "1000 Series 1515L Touch Screen Monitor",
    "product series": "1000",
    "product type": "LCD Touchscreen Monitor",
    "response time": "21.50 ms",
    "screen mode": "XGA",
    "screen size": "15\"",
    "screen surface": "Anti-glare",
    "standard refresh rate": "75 Hz",
    "touchscreen": "Yes",
    "touchscreen type": "Surface Acoustic Wave",
    "warranty length": "3-year limited",
    "weight": "10.60 lb",
    "width with stand": "13.80\""
}